contact_id,full_name,email,phone,joined_on,country
5000,Tomás Fernández,tomás.fernández@example.com,(555) 844-5564,2025-06-08,Mexico
5001,Omar Haddad,omar.haddad@example.com,(555) 570-7580,2025-07-17,Brazil
5002,Omar Almeida,omar.almeida@example.com,(555) 787-2804,2025-06-03,Canada
5003,Mei Ruiz,mei.ruiz@example.com,(555) 268-2126,2025-02-13,Mexico
5004,Tomás Nair,tomás.nair@example.com,(555) 838-4250,2025-01-24,Canada
5005,Grace Petrov,grace.petrov@example.com,(555) 350-8643,2025-01-27,Canada
5006,Priya Kim,priya.kim@example.com,(555) 720-5265,2025-06-17,Brazil
5007,Mei Okafor,mei.okafor@example.com,(555) 894-1792,2025-03-21,Canada
5008,Nadia Petrov,nadia.petrov@example.com,(555) 610-2820,2025-07-24,Brazil
5009,Ivan Ruiz,ivan.ruiz@example.com,(555) 720-8573,2025-04-24,Brazil
5010,Mei Almeida,mei.almeida@example.com,(555) 855-7175,2025-07-17,Mexico
5011,Sofía Torres,sofía.torres@example.com,(555) 367-7105,2025-07-05,Mexico
5012,Grace Nair,grace.nair@example.com,(555) 231-7268,2025-05-02,Spain
5013,Nadia Fernández,nadia.fernández@example.com,(555) 538-8993,2025-06-01,Spain
5014,Lucía Petrov,lucía.petrov@example.com,(555) 107-7326,2025-07-24,Spain
5015,Tomás Torres,tomás.torres@example.com,(555) 783-4902,2025-07-23,Brazil
5016,Nadia Chen,nadia.chen@example.com,(555) 124-5411,2025-04-24,Spain
5017,Priya Haddad,priya.haddad@example.com,(555) 238-7811,2025-08-03,Mexico
5018,Tomás Silva,tomás.silva@example.com,(555) 618-1983,2025-02-05,Brazil
5019,Carlos Chen,carlos.chen@example.com,(555) 144-5791,2025-01-03,Brazil
5020,Ana Weber,ana.weber@example.com,(555) 391-2307,2025-04-07,Mexico
5021,Mei Nair,mei.nair@example.com,(555) 588-2914,2025-01-02,Brazil
5022,Priya Nair,priya.nair@example.com,(555) 540-7122,2025-03-03,Mexico
5023,Lucía Silva,lucía.silva@example.com,(555) 140-9686,2025-06-04,Spain
5024,Ivan Chen,ivan.chen@example.com,(555) 641-3409,2025-02-15,Canada
5025,Ivan Okafor,ivan.okafor@example.com,(555) 109-7489,2025-02-02,Mexico
5026,Carlos Weber,carlos.weber@example.com,(555) 175-2381,2025-04-24,Brazil
5027,Omar Nair,omar.nair@example.com,(555) 311-9454,2025-03-24,Spain
5028,Nadia Silva,nadia.silva@example.com,(555) 721-3971,2025-05-18,Spain
5029,Ana Almeida,ana.almeida@example.com,(555) 594-5567,2025-02-06,Spain
5030,Sofía Almeida,sofía.almeida@example.com,(555) 604-8284,2025-05-07,Brazil
5031,Ivan Fernández,ivan.fernández@example.com,(555) 265-6212,2025-01-02,Mexico
5032,Priya Ruiz,priya.ruiz@example.com,(555) 299-5025,2025-05-22,Spain
5033,Priya Torres,priya.torres@example.com,(555) 721-4984,2025-03-06,Spain
5034,Nadia Weber,nadia.weber@example.com,(555) 368-4445,2025-05-09,Spain
5035,Sofía Silva,sofía.silva@example.com,(555) 275-4575,2025-05-23,Mexico
5036,Sofía Weber,sofía.weber@example.com,(555) 317-9926,2025-08-07,Mexico
5037,Grace Chen,grace.chen@example.com,(555) 450-4382,2025-05-08,Brazil
5038,Grace Fernández,grace.fernández@example.com,(555) 225-5624,2025-06-21,Canada
5039,Tomás Haddad,tomás.haddad@example.com,(555) 852-5986,2025-04-11,Mexico
5040,Grace Silva,grace.silva@example.com,(555) 361-6732,2025-03-15,Canada
5041,Mei Weber,mei.weber@example.com,(555) 565-3750,2025-05-04,Spain
5042,Priya Chen,priya.chen@example.com,(555) 341-7641,2025-04-11,Canada
5043,Mei Haddad,mei.haddad@example.com,(555) 642-4402,2025-02-16,Brazil
5044,Lucía Torres,lucía.torres@example.com,(555) 575-4508,2025-01-08,Canada
5045,Tomás Kim,tomás.kim@example.com,(555) 171-5443,2025-01-26,Spain
5046,Priya Weber,priya.weber@example.com,(555) 299-3368,2025-08-01,Mexico
5047,Hugo Almeida,hugo.almeida@example.com,(555) 670-6080,2025-05-03,Canada
5048,Grace Ruiz,grace.ruiz@example.com,(555) 843-2328,2025-01-25,Mexico
5049,Ivan Weber,ivan.weber@example.com,(555) 135-2954,2025-08-11,Canada
5050,Lucía Ruiz,lucía.ruiz@example.com,(555) 611-9408,2025-04-24,Spain
5051,Tomás Petrov,tomás.petrov@example.com,(555) 513-3516,2025-02-15,Spain
5052,Hugo Silva,hugo.silva@example.com,(555) 149-3266,2025-06-03,Canada
5053,Tomás Chen,tomás.chen@example.com,(555) 709-8203,2025-06-13,Brazil
5054,Carlos Petrov,carlos.petrov@example.com,(555) 100-9950,2025-01-09,Spain
5055,Sofía Ruiz,sofía.ruiz@example.com,(555) 231-4690,2025-06-13,Canada
5056,Grace Weber,grace.weber@example.com,(555) 742-1311,2025-03-12,Brazil
5057,Lucía Nair,lucía.nair@example.com,(555) 735-9312,2025-02-27,Canada
5058,Tomás Almeida,tomás.almeida@example.com,(555) 861-6393,2025-03-13,Mexico
5059,Tomás Weber,tomás.weber@example.com,(555) 279-3221,2025-04-18,Canada
