order_id,customer_name,email,city,ordered_at,quantity,unit_price,status
90000,Omar Haddad,omar.haddad@example.com,Toronto,2025-07-03,4,405.26,shipped
90001,Nadia Nair,nadia.nair@example.com,Calgary,2025-05-12,4,248.20,pending
90002,Sofía Fernández,sofía.fernández@example.com,Vancouver,2025-01-19,2,400.15,pending
90003,Priya Chen,priya.chen@example.com,Ottawa,2025-08-05,3,271.57,pending
90004,Grace Chen,grace.chen@example.com,Vancouver,2025-05-23,6,164.32,pending
90005,Mei Weber,mei.weber@example.com,Montreal,2025-03-19,5,412.53,shipped
90006,Omar Fernández,omar.fernández@example.com,Halifax,2025-10-27,4,125.43,cancelled
90007,Mei Petrov,mei.petrov@example.com,Montreal,2025-03-16,3,53.47,shipped
90008,Tomás Silva,tomás.silva@example.com,Halifax,2025-08-13,4,78.27,pending
90009,Lucía Chen,lucía.chen@example.com,Montreal,2025-10-12,2,138.23,pending
90010,Lucía Silva,lucía.silva@example.com,Montreal,2025-03-01,6,176.99,cancelled
90011,Priya Okafor,Priya.Okafor@example,toronto,12/08/2025,4,383226,ACTIVE
90012,Nadia Petrov,nadia.petrov@example.com,Montreal,2025-12-26,2,303.94,cancelled
90013,Omar Weber,omar.weber@example.com,Ottawa,2025-01-03,2,435.95,pending
90014,Sofía Chen,Sofía.Chen@example,toronto,22/10/2025,3,39593,Shipped
90015,Omar Chen,omar.chen@example.com,Ottawa,2025-08-03,2,68.51,cancelled
90016,Omar Ruiz,omar.ruiz@example.com,Montreal,2025-02-18,6,168.41,cancelled
90017,Nadia Silva,nadia.silva@example.com,Ottawa,2025-11-01,1,243.37,shipped
90018,Grace Kim,grace.kim@example.com,Montreal,2025-08-07,5,364.35,pending
90019,Grace Kim,grace.kim@example.com,Toronto,2025-09-18,5,334.43,pending
90020,Grace Silva,grace.silva@example.com,Vancouver,2025-12-01,5,42.61,pending
90021,Ivan Almeida,ivan.almeida@example.com,Ottawa,2025-09-05,2,274.68,cancelled
90022,Hugo Fernández,hugo.fernández@example.com,Toronto,2025-03-23,4,122.97,cancelled
90023,Mei Okafor,mei.okafor@example.com,Ottawa,2025-12-06,3,426.14,pending
90024,Ana Fernández,ana.fernández@example.com,Toronto,2025-06-06,4,426.73,pending
90025,Omar Ruiz,omar.ruiz@example.com,Ottawa,2025-10-04,1,347.50,pending
90026,Grace Haddad,grace.haddad@example.com,Calgary,2025-03-15,6,58.17,pending
90027,Priya Haddad,priya.haddad@example.com,Montreal,2025-05-05,3,195.38,pending
90028,Lucía Petrov,lucía.petrov@example.com,Halifax,2025-01-10,4,100.99,cancelled
90029,Priya Petrov,priya.petrov@example.com,Calgary,2025-01-28,1,468.84,shipped
90030,Carlos Weber,carlos.weber@example.com,Toronto,2025-07-26,4,218.12,shipped
90031,Omar Weber,omar.weber@example.com,Montreal,2025-02-06,5,266.81,cancelled
90032,Ivan Haddad,ivan.haddad@example.com,Calgary,2025-01-09,6,408.36,cancelled
90033,Tomás Okafor,tomás.okafor@example.com,Ottawa,2025-08-14,5,304.74,pending
90034,Hugo Nair,hugo.nair@example.com,Vancouver,2025-11-21,4,111.20,shipped
90035,Ana Nair,ana.nair@example.com,Halifax,2025-03-27,6,68.80,pending
90036,Ana Nair,ana.nair@example.com,Montreal,2025-07-03,1,320.45,pending
90037,HUGO HADDAD,,halifax,17/03/2025,N/A,CAD 323.67,"shipped "
90038,Grace Chen,grace.chen@example.com,Ottawa,2025-10-21,5,332.56,cancelled
90039,Lucía Fernández,lucía.fernández@example.com,Halifax,2025-08-10,2,66.50,pending
90040,Sofía Okafor,sofía.okafor@example.com,Vancouver,2025-11-04,4,258.99,cancelled
90041,Lucía Almeida,lucía.almeida@example.com,Montreal,2025-04-05,6,187.15,cancelled
90042,Ana Haddad,ana.haddad@example.com,Calgary,2025-10-10,1,284.49,cancelled
90043,Nadia Okafor,nadia.okafor@example.com,Halifax,2025-03-21,4,204.86,cancelled
90044,Nadia Kim,nadia.kim@example.com,Montreal,2025-11-22,1,77.56,pending
90045,Priya Almeida,priya.almeida@example.com,Vancouver,2025-10-05,4,236.91,pending
90046,Mei Weber,mei.weber@example.com,Ottawa,2025-05-09,6,259.80,pending
90047,Grace Chen,grace.chen@example.com,Calgary,2025-08-28,5,275.03,cancelled
90048,Lucía Torres,lucía.torres@example.com,Halifax,2025-03-12,6,468.73,pending
90049,Ivan Okafor,ivan.okafor@example.com,Toronto,2025-12-09,2,438.36,cancelled
90050,Nadia Weber,nadia.weber@example.com,Ottawa,2025-05-23,4,416.03,shipped
90051,Mei Weber,mei.weber@example.com,Halifax,2025-08-24,1,407.35,shipped
90052,Ivan Haddad,ivan.haddad@example.com,Ottawa,2025-12-27,1,162.08,shipped
90053,Lucía Silva,lucía.silva@example.com,Toronto,2025-12-06,4,434.64,pending
90054,Priya Torres,priya.torres@example.com,Calgary,2025-06-09,5,372.22,pending
90055,Tomás Nair,tomás.nair@example.com,Toronto,2025-06-06,4,397.59,shipped
90056,LUCÍA KIM,,ottawa,02/09/2025,N/A,CAD 115.66,ACTIVE
90057,Grace Weber,grace.weber@example.com,Montreal,2025-09-21,1,168.09,shipped
90058,Nadia Almeida,nadia.almeida@example.com,Calgary,2025-05-05,4,351.34,pending
90059,Grace Nair,grace.nair@example.com,Halifax,2025-10-27,4,157.13,cancelled
90060,Ivan Almeida,ivan.almeida@example.com,Toronto,2025-10-06,3,439.81,pending
90061,Ana Torres,ana.torres@example.com,Toronto,2025-08-23,5,488.26,cancelled
90062,Hugo Fernández,hugo.fernández@example.com,Montreal,2025-04-05,1,206.45,pending
90063,Grace Chen,grace.chen@example.com,Toronto,2025-03-02,1,45.76,pending
90064,Hugo Petrov,hugo.petrov@example.com,Ottawa,2025-08-25,5,191.37,pending
90065,Nadia Okafor,nadia.okafor@example.com,Halifax,2025-04-26,5,157.28,cancelled
90066,Tomás Okafor,Tomás.Okafor@example,ottawa,25/11/2025,6,428689,Shipped
90067,Grace Ruiz,grace.ruiz@example.com,Calgary,2025-10-02,6,15.30,cancelled
90068,Hugo Ruiz,hugo.ruiz@example.com,Toronto,2025-08-18,1,285.47,cancelled
90069,Hugo Torres,hugo.torres@example.com,Vancouver,2025-11-04,2,232.36,pending
90070,Lucía Petrov,lucía.petrov@example.com,Ottawa,2025-08-09,4,205.34,pending
90071,Priya Nair,priya.nair@example.com,Toronto,2025-10-21,3,195.85,shipped
90072,Sofía Chen,sofía.chen@example.com,Montreal,2025-04-15,3,172.89,shipped
90073,Hugo Silva,hugo.silva@example.com,Montreal,2025-01-10,4,95.35,shipped
90074,Lucía Almeida,lucía.almeida@example.com,Toronto,2025-07-02,2,295.14,shipped
90075,Mei Petrov,mei.petrov@example.com,Toronto,2025-01-05,6,215.62,shipped
90076,Nadia Weber,nadia.weber@example.com,Halifax,2025-09-09,3,321.25,cancelled
90077,Hugo Weber,hugo.weber@example.com,Vancouver,2025-05-09,2,294.01,shipped
90078,Mei Torres,mei.torres@example.com,Vancouver,2025-07-04,5,488.94,pending
90079,Sofía Torres,sofía.torres@example.com,Vancouver,19/12/2025,5,263.36,cancelled
90080,Ivan Weber,ivan.weber@example.com,Ottawa,2025-05-21,4,145.69,shipped
90081,Grace Almeida,grace.almeida@example.com,Montreal,2025-11-23,4,94.44,pending
90082,Grace Okafor,grace.okafor@example.com,Montreal,2025-04-09,3,270.76,shipped
90083,Sofía Haddad,sofía.haddad@example.com,Montreal,2025-09-18,6,353.46,pending
90084,Omar Silva,omar.silva@example.com,Vancouver,2025-11-17,6,439.22,cancelled
90085,Priya Weber,priya.weber@example.com,Ottawa,2025-08-17,1,448.52,pending
90086,Ivan Fernández,ivan.fernández@example.com,Vancouver,2025-05-24,1,71.12,shipped
90087,Omar Torres,omar.torres@example.com,Ottawa,2025-06-14,4,477.22,pending
90088,Ana Chen,ana.chen@example.com,Halifax,2025-05-28,2,13.87,cancelled
90089,Omar Fernández,omar.fernández@example.com,Toronto,2025-05-25,2,460.46,shipped
90090,Sofía Silva,sofía.silva@example.com,Vancouver,2025-03-07,4,312.04,cancelled
90091,Omar Kim,omar.kim@example.com,Vancouver,28/06/2025,6,184.78,shipped
90092,Mei Silva,mei.silva@example.com,Ottawa,2025-11-06,3,342.38,pending
90093,Priya Haddad,priya.haddad@example.com,Montreal,2025-11-03,4,49.54,cancelled
90094,Sofía Silva,sofía.silva@example.com,Toronto,2025-07-09,1,185.66,cancelled
90095,Sofía Ruiz,sofía.ruiz@example.com,Vancouver,2025-03-24,6,69.36,pending
90096,Tomás Haddad,tomás.haddad@example.com,Halifax,2025-07-11,5,380.63,cancelled
90097,Sofía Chen,sofía.chen@example.com,Ottawa,2025-01-07,1,390.06,shipped
90098,Ana Fernández,ana.fernández@example.com,Halifax,2025-05-04,1,357.70,cancelled
90099,Nadia Haddad,nadia.haddad@example.com,Ottawa,2025-03-15,5,163.84,pending
90100,Ana Petrov,ana.petrov@example.com,Toronto,2025-04-15,6,242.96,cancelled
90101,Hugo Haddad,hugo.haddad@example.com,Montreal,2025-06-18,3,406.04,shipped
90102,Hugo Ruiz,hugo.ruiz@example.com,Montreal,2025-12-28,3,265.76,cancelled
90103,MEI WEBER,,vancouver,19/01/2025,N/A,CAD 281.54,Shipped
90104,Sofía Weber,sofía.weber@example.com,Toronto,2025-04-16,3,434.03,cancelled
90105,Omar Haddad,omar.haddad@example.com,Vancouver,2025-07-13,6,219.25,pending
90106,Sofía Nair,sofía.nair@example.com,Calgary,2025-09-10,6,279.35,cancelled
90107,Ana Fernández,ana.fernández@example.com,Calgary,2025-03-25,2,426.60,cancelled
90108,Hugo Chen,hugo.chen@example.com,Halifax,2025-11-25,2,470.41,shipped
90109,Tomás Chen,tomás.chen@example.com,Halifax,2025-04-20,5,145.61,shipped
90110,TOMÁS FERNÁNDEZ,Tomás.Fernández@example,montreal,04/07/2025,N/A,CAD 322.02,"shipped "
90111,Tomás Kim,tomás.kim@example.com,Ottawa,2025-05-20,6,112.28,shipped
90112,Priya Okafor,priya.okafor@example.com,Ottawa,2025-11-15,2,265.82,cancelled
90113,ANA WEBER,Ana.Weber@example,ottawa,27/02/2025,N/A,CAD 358.47,ACTIVE
90114,Lucía Kim,lucía.kim@example.com,Ottawa,2025-10-24,6,95.23,cancelled
90115,Mei Almeida,mei.almeida@example.com,Montreal,2025-04-27,1,174.98,pending
90116,Priya Haddad,priya.haddad@example.com,Halifax,2025-12-02,6,171.01,pending
90117,Ivan Nair,ivan.nair@example.com,Montreal,2025-03-07,5,343.14,shipped
90118,Carlos Kim,carlos.kim@example.com,Ottawa,2025-03-23,5,429.84,pending
90119,Grace Okafor,grace.okafor@example.com,Ottawa,2025-02-01,3,222.93,shipped
90120,Ana Petrov,ana.petrov@example.com,Vancouver,2025-06-04,4,378.65,shipped
90121,Priya Chen,priya.chen@example.com,Toronto,2025-03-26,2,375.88,shipped
90122,Omar Almeida,omar.almeida@example.com,Montreal,2025-06-27,3,63.30,shipped
90123,Tomás Silva,tomás.silva@example.com,Vancouver,2025-10-23,1,273.77,cancelled
90124,Ivan Torres,ivan.torres@example.com,Vancouver,2025-09-09,6,154.04,pending
90125,Nadia Almeida,nadia.almeida@example.com,Montreal,2025-06-04,5,179.92,pending
90126,Grace Kim,grace.kim@example.com,Ottawa,2025-10-26,6,358.02,pending
90127,Omar Weber,omar.weber@example.com,Montreal,2025-11-06,1,93.96,pending
90128,Sofía Fernández,sofía.fernández@example.com,Ottawa,2025-10-13,6,461.58,cancelled
90129,Mei Chen,mei.chen@example.com,Ottawa,2025-10-15,5,169.45,pending
90130,Priya Torres,priya.torres@example.com,Halifax,2025-10-04,6,294.79,pending
90131,Mei Silva,mei.silva@example.com,Ottawa,2025-08-15,5,300.87,pending
90132,Ana Chen,ana.chen@example.com,Halifax,2025-08-26,1,155.01,pending
90133,Sofía Weber,sofía.weber@example.com,Vancouver,2025-03-07,3,58.38,pending
90134,Lucía Kim,lucía.kim@example.com,Ottawa,2025-10-11,5,220.43,cancelled
90135,Mei Haddad,mei.haddad@example.com,Calgary,2025-06-27,4,133.61,pending
90136,Tomás Almeida,tomás.almeida@example.com,Toronto,2025-06-10,5,489.23,cancelled
90137,Ana Fernández,ana.fernández@example.com,Ottawa,2025-04-26,2,318.97,shipped
90138,Lucía Nair,lucía.nair@example.com,halifax,15/12/2025,2,460.74,pending
90139,Omar Almeida,Omar.Almeida@example,calgary,02/09/2025,1,217652,ACTIVE
90140,Grace Silva,grace.silva@example.com,Calgary,2025-10-18,3,361.50,shipped
90141,Sofía Silva,sofía.silva@example.com,Montreal,2025-08-08,2,371.46,pending
90142,Hugo Okafor,hugo.okafor@example.com,Montreal,2025-08-18,5,309.12,cancelled
90143,Priya Chen,priya.chen@example.com,Vancouver,06/10/2025,1,167.71,shipped
90144,Ivan Fernández,ivan.fernández@example.com,Halifax,2025-02-28,6,119.01,shipped
90145,Grace Torres,grace.torres@example.com,Vancouver,2025-07-25,1,244.68,shipped
90146,Carlos Kim,carlos.kim@example.com,Calgary,2025-09-15,1,189.02,cancelled
90147,Grace Okafor,grace.okafor@example.com,Halifax,2025-07-12,3,31.22,shipped
90148,Hugo Weber,hugo.weber@example.com,Toronto,2025-05-03,2,198.74,pending
90149,Lucía Kim,lucía.kim@example.com,Toronto,2025-10-13,4,188.89,pending
90150,Grace Chen,grace.chen@example.com,Montreal,2025-10-22,4,89.86,shipped
90151,Sofía Fernández,sofía.fernández@example.com,Montreal,2025-06-02,5,356.53,cancelled
90152,Lucía Haddad,lucía.haddad@example.com,Toronto,2025-06-03,2,440.48,cancelled
90153,Priya Okafor,priya.okafor@example.com,Montreal,2025-12-24,3,203.68,cancelled
90154,Nadia Silva,nadia.silva@example.com,Calgary,05/12/2025,6,337.37,pending
90155,Lucía Fernández,lucía.fernández@example.com,Montreal,2025-02-23,4,195.74,pending
90156,Ivan Fernández,ivan.fernández@example.com,Calgary,2025-02-04,3,237.39,cancelled
90157,Tomás Okafor,tomás.okafor@example.com,Halifax,2025-11-10,4,202.69,cancelled
90158,Nadia Petrov,nadia.petrov@example.com,Vancouver,2025-06-01,4,408.51,shipped
90159,Lucía Chen,lucía.chen@example.com,Montreal,2025-09-01,6,429.91,pending
90160,Nadia Nair,nadia.nair@example.com,Montreal,2025-10-05,4,39.59,pending
90161,Mei Torres,mei.torres@example.com,Toronto,2025-11-11,2,141.83,pending
90162,Tomás Haddad,tomás.haddad@example.com,Montreal,2025-11-15,4,23.06,shipped
90163,Nadia Haddad,nadia.haddad@example.com,Vancouver,2025-07-11,6,230.36,cancelled
90164,Omar Fernández,omar.fernández@example.com,Calgary,2025-02-09,1,363.61,cancelled
90165,Tomás Chen,tomás.chen@example.com,Montreal,2025-10-04,2,436.12,shipped
90166,MEI SILVA,Mei.Silva@example,toronto,02/01/2025,N/A,CAD 481.89,"shipped "
90167,Lucía Almeida,lucía.almeida@example.com,Montreal,2025-04-22,2,234.01,pending
90168,Nadia Kim,nadia.kim@example.com,Toronto,2025-09-19,6,322.79,shipped
90169,Mei Fernández,mei.fernández@example.com,Halifax,2025-08-08,1,250.37,shipped
90170,SOFÍA RUIZ,Sofía.Ruiz@example,toronto,09/07/2025,N/A,CAD 125.26,Shipped
90171,Priya Okafor,priya.okafor@example.com,Montreal,2025-07-26,2,427.91,shipped
90172,Grace Ruiz,grace.ruiz@example.com,Vancouver,2025-03-20,6,398.29,shipped
90173,Tomás Ruiz,tomás.ruiz@example.com,Montreal,2025-02-12,2,148.52,pending
90174,Lucía Haddad,lucía.haddad@example.com,Halifax,2025-01-23,6,491.35,cancelled
90175,Priya Nair,priya.nair@example.com,Calgary,2025-12-16,1,383.43,cancelled
90176,Mei Nair,mei.nair@example.com,Montreal,2025-06-26,3,370.60,pending
90177,Sofía Okafor,sofía.okafor@example.com,Halifax,2025-03-10,1,209.76,cancelled
90178,Ana Torres,ana.torres@example.com,Montreal,2025-10-17,1,110.63,shipped
90179,GRACE OKAFOR,Grace.Okafor@example,calgary,26/11/2025,N/A,CAD 450.74,ACTIVE
90180,Ivan Kim,ivan.kim@example.com,Calgary,2025-07-26,4,248.47,pending
90181,Mei Petrov,mei.petrov@example.com,Calgary,2025-01-12,6,289.65,pending
90182,Grace Almeida,grace.almeida@example.com,Ottawa,2025-05-24,3,469.81,pending
90183,Priya Petrov,priya.petrov@example.com,Montreal,2025-08-17,4,78.00,shipped
90184,Priya Okafor,priya.okafor@example.com,Toronto,2025-03-04,3,61.26,cancelled
90185,Sofía Chen,sofía.chen@example.com,Vancouver,2025-04-26,2,253.01,cancelled
90186,Ana Okafor,ana.okafor@example.com,Toronto,2025-05-23,4,428.92,cancelled
90187,Lucía Weber,lucía.weber@example.com,Ottawa,2025-03-15,5,470.99,pending
90188,Mei Haddad,mei.haddad@example.com,Vancouver,2025-06-24,4,360.69,shipped
90189,Nadia Chen,nadia.chen@example.com,Vancouver,2025-05-17,1,204.68,cancelled
90190,Lucía Weber,lucía.weber@example.com,Halifax,2025-04-10,4,334.67,pending
90191,Hugo Fernández,hugo.fernández@example.com,Calgary,2025-10-10,2,416.62,cancelled
90192,Lucía Petrov,lucía.petrov@example.com,Vancouver,2025-07-21,6,100.41,cancelled
90193,OMAR PETROV,,ottawa,16/08/2025,N/A,CAD 480.19,Shipped
90194,Mei Kim,mei.kim@example.com,Halifax,2025-03-12,3,60.17,pending
90195,Sofía Fernández,sofía.fernández@example.com,Vancouver,2025-11-03,1,186.70,shipped
90196,Grace Ruiz,grace.ruiz@example.com,Calgary,2025-02-06,4,349.51,shipped
90197,Nadia Haddad,nadia.haddad@example.com,Montreal,2025-06-27,1,251.90,pending
90198,Lucía Fernández,lucía.fernández@example.com,Montreal,2025-02-01,3,351.49,shipped
90199,Carlos Kim,carlos.kim@example.com,Montreal,2025-08-09,5,435.24,shipped
90200,Mei Weber,mei.weber@example.com,Calgary,2025-08-14,1,410.13,cancelled
90201,Sofía Haddad,sofía.haddad@example.com,Ottawa,2025-08-24,6,422.38,pending
90202,Nadia Haddad,nadia.haddad@example.com,Halifax,2025-05-20,1,388.57,cancelled
90203,Ivan Chen,ivan.chen@example.com,Montreal,2025-03-08,3,281.34,cancelled
90204,Priya Okafor,priya.okafor@example.com,vancouver,16/09/2025,1,385.39,pending
90205,Hugo Kim,hugo.kim@example.com,Halifax,2025-01-27,6,142.90,cancelled
90206,Carlos Fernández,carlos.fernández@example.com,Vancouver,2025-08-18,6,105.01,pending
90207,Priya Haddad,priya.haddad@example.com,Calgary,2025-09-18,3,36.69,shipped
90208,Hugo Almeida,hugo.almeida@example.com,Toronto,2025-11-09,2,15.36,shipped
90209,Carlos Silva,carlos.silva@example.com,Calgary,2025-06-06,5,198.88,cancelled
90210,Hugo Silva,hugo.silva@example.com,Vancouver,2025-05-23,2,476.87,cancelled
90211,Hugo Nair,hugo.nair@example.com,Vancouver,2025-05-06,4,35.01,shipped
90212,Mei Ruiz,mei.ruiz@example.com,Calgary,2025-06-10,3,300.72,pending
90213,Priya Weber,priya.weber@example.com,Toronto,18/03/2025,1,256.05,shipped
90214,Tomás Haddad,tomás.haddad@example.com,Ottawa,2025-09-08,1,234.49,cancelled
90215,Priya Kim,priya.kim@example.com,Vancouver,2025-03-22,4,264.12,shipped
90216,Ana Petrov,ana.petrov@example.com,Halifax,2025-12-10,5,39.42,shipped
90217,Tomás Ruiz,tomás.ruiz@example.com,Montreal,2025-08-09,6,108.92,cancelled
90218,Lucía Kim,lucía.kim@example.com,Toronto,2025-12-25,3,229.95,pending
90219,Tomás Petrov,tomás.petrov@example.com,Toronto,2025-10-16,3,231.34,pending
90220,Sofía Okafor,sofía.okafor@example.com,Montreal,15/08/2025,6,420.19,pending
90221,Grace Kim,grace.kim@example.com,Montreal,2025-05-17,6,411.94,cancelled
90222,Grace Ruiz,grace.ruiz@example.com,Vancouver,2025-01-01,3,21.39,pending
90223,NADIA SILVA,Nadia.Silva@example,calgary,01/12/2025,2,CAD 269.42,"shipped "
90224,Nadia Nair,nadia.nair@example.com,Calgary,2025-06-27,5,270.64,cancelled
90225,Nadia Fernández,nadia.fernández@example.com,Toronto,2025-02-12,5,378.67,pending
90226,Lucía Fernández,lucía.fernández@example.com,Toronto,2025-12-18,2,251.36,cancelled
90227,Priya Silva,priya.silva@example.com,Vancouver,2025-07-28,2,349.61,cancelled
90228,Tomás Kim,tomás.kim@example.com,Ottawa,2025-08-22,6,90.90,shipped
90229,Ivan Kim,ivan.kim@example.com,Montreal,18/11/2025,5,118.45,shipped
90230,Lucía Kim,lucía.kim@example.com,Calgary,2025-05-21,6,227.97,pending
90231,Grace Fernández,grace.fernández@example.com,Toronto,2025-07-24,4,259.99,cancelled
90232,Hugo Weber,hugo.weber@example.com,Halifax,2025-06-19,5,413.74,cancelled
90233,Ana Almeida,ana.almeida@example.com,Ottawa,2025-01-26,2,448.41,cancelled
90234,Omar Ruiz,omar.ruiz@example.com,Halifax,2025-06-08,4,429.28,shipped
90235,Tomás Ruiz,tomás.ruiz@example.com,Ottawa,02/11/2025,3,414.41,cancelled
90236,Ana Weber,ana.weber@example.com,Calgary,2025-03-24,2,315.47,shipped
90237,Omar Haddad,omar.haddad@example.com,Toronto,2025-04-02,4,478.16,shipped
90238,Nadia Torres,nadia.torres@example.com,Montreal,2025-04-07,2,354.02,shipped
90239,Nadia Okafor,nadia.okafor@example.com,Ottawa,2025-10-01,1,56.16,pending
90240,Ivan Ruiz,ivan.ruiz@example.com,Calgary,2025-06-23,2,104.47,shipped
90241,Ivan Haddad,ivan.haddad@example.com,Vancouver,2025-02-03,3,134.96,cancelled
90242,Lucía Fernández,Lucía.Fernández@example,montreal,11/06/2025,5,31.47,"shipped "
90243,Ana Torres,ana.torres@example.com,Toronto,2025-09-10,4,440.13,shipped
90244,Tomás Silva,tomás.silva@example.com,Ottawa,2025-06-01,5,172.94,pending
90245,Ana Nair,ana.nair@example.com,Vancouver,2025-11-23,6,491.83,pending
90246,Lucía Almeida,lucía.almeida@example.com,Halifax,2025-05-09,5,179.89,cancelled
90247,Nadia Weber,nadia.weber@example.com,Montreal,2025-07-03,2,403.40,pending
90248,Grace Weber,grace.weber@example.com,Toronto,2025-01-24,4,358.40,shipped
90249,Priya Nair,priya.nair@example.com,Vancouver,2025-01-01,2,141.74,pending
90250,Sofía Torres,sofía.torres@example.com,Vancouver,2025-01-20,6,178.27,cancelled
90251,Lucía Fernández,lucía.fernández@example.com,Ottawa,2025-07-24,5,157.36,cancelled
90252,Carlos Weber,carlos.weber@example.com,Ottawa,2025-12-08,6,16.64,cancelled
90253,Carlos Okafor,carlos.okafor@example.com,Montreal,2025-06-21,6,301.14,shipped
90254,TOMÁS TORRES,Tomás.Torres@example,montreal,18/10/2025,2,CAD 85.98,"shipped "
90255,Omar Weber,omar.weber@example.com,Montreal,2025-09-13,6,60.05,cancelled
90256,Grace Silva,grace.silva@example.com,Ottawa,2025-08-15,3,451.05,pending
90257,Omar Okafor,omar.okafor@example.com,Toronto,2025-03-19,5,82.43,shipped
90258,Sofía Petrov,sofía.petrov@example.com,Montreal,2025-04-06,1,309.35,cancelled
90259,Omar Fernández,omar.fernández@example.com,Calgary,2025-07-19,6,132.90,shipped
90260,Lucía Fernández,lucía.fernández@example.com,toronto,04/03/2025,4,232.41,shipped
90261,Ana Nair,ana.nair@example.com,Ottawa,2025-03-19,6,438.88,cancelled
90262,MEI SILVA,,toronto,24/05/2025,N/A,CAD 321.41,Shipped
90263,Hugo Silva,hugo.silva@example.com,Halifax,2025-11-23,2,335.23,shipped
90264,Mei Fernández,mei.fernández@example.com,Montreal,2025-12-08,2,272.35,shipped
90265,Nadia Ruiz,nadia.ruiz@example.com,Toronto,2025-03-21,5,111.49,shipped
90266,Ivan Kim,ivan.kim@example.com,Toronto,2025-08-10,4,209.13,shipped
90267,Ivan Nair,ivan.nair@example.com,Vancouver,2025-07-26,2,218.41,cancelled
90268,Hugo Nair,hugo.nair@example.com,Ottawa,2025-01-20,2,291.39,cancelled
90269,Tomás Ruiz,tomás.ruiz@example.com,Calgary,2025-03-26,5,488.07,cancelled
90270,Sofía Weber,sofía.weber@example.com,Halifax,2025-08-19,5,375.53,shipped
90271,Carlos Petrov,carlos.petrov@example.com,Ottawa,2025-04-15,5,236.11,cancelled
90272,Grace Chen,grace.chen@example.com,Ottawa,2025-11-04,1,357.03,cancelled
90273,Hugo Fernández,hugo.fernández@example.com,Vancouver,2025-12-06,3,414.71,cancelled
90274,Tomás Nair,tomás.nair@example.com,Vancouver,2025-10-03,4,475.22,pending
90275,Ivan Torres,ivan.torres@example.com,Ottawa,20/03/2025,4,47.65,pending
90276,Hugo Haddad,hugo.haddad@example.com,Montreal,2025-01-22,4,264.52,shipped
90277,Ana Petrov,ana.petrov@example.com,Halifax,2025-07-10,3,129.37,shipped
90278,Tomás Weber,tomás.weber@example.com,Toronto,2025-03-15,4,280.74,pending
90279,Ivan Almeida,ivan.almeida@example.com,Halifax,2025-09-26,1,441.59,shipped
90280,Carlos Nair,carlos.nair@example.com,Ottawa,2025-03-15,1,138.96,pending
90281,Ivan Weber,ivan.weber@example.com,Toronto,2025-03-15,6,395.55,cancelled
90282,Nadia Weber,nadia.weber@example.com,vancouver,06/02/2025,6,482.57,cancelled
90283,Omar Petrov,omar.petrov@example.com,Calgary,2025-02-21,1,220.68,cancelled
90284,Sofía Weber,sofía.weber@example.com,Toronto,2025-05-24,4,34.46,cancelled
90285,Lucía Petrov,lucía.petrov@example.com,Vancouver,2025-06-19,1,440.30,cancelled
90286,Tomás Nair,tomás.nair@example.com,Calgary,2025-05-20,6,200.79,pending
90287,Carlos Kim,carlos.kim@example.com,Toronto,2025-10-20,1,248.31,pending
90288,Mei Torres,mei.torres@example.com,Toronto,2025-05-07,6,52.94,cancelled
90289,Carlos Silva,carlos.silva@example.com,Toronto,2025-06-14,2,403.69,shipped
90290,Priya Silva,priya.silva@example.com,Halifax,2025-10-22,5,415.66,shipped
90291,TOMÁS WEBER,Tomás.Weber@example,calgary,22/05/2025,N/A,CAD 125.12,"shipped "
90292,Ivan Nair,ivan.nair@example.com,Ottawa,2025-06-03,4,308.22,pending
90293,Tomás Almeida,tomás.almeida@example.com,Montreal,2025-05-23,6,138.64,pending
90294,Priya Fernández,priya.fernández@example.com,Toronto,2025-01-20,1,249.57,cancelled
90295,Nadia Fernández,nadia.fernández@example.com,Halifax,2025-09-04,4,211.81,cancelled
90296,ANA NAIR,,vancouver,22/10/2025,N/A,CAD 289.79,ACTIVE
90297,Hugo Nair,hugo.nair@example.com,Montreal,2025-06-09,1,348.57,pending
90298,Lucía Weber,lucía.weber@example.com,Calgary,2025-03-20,3,112.55,pending
90299,Ivan Okafor,ivan.okafor@example.com,Halifax,2025-03-21,2,91.75,cancelled
90300,ANA KIM,Ana.Kim@example,montreal,07/02/2025,2,CAD 430.45,ACTIVE
90301,Ivan Almeida,ivan.almeida@example.com,Montreal,2025-09-14,5,159.33,pending
90302,Hugo Almeida,hugo.almeida@example.com,Halifax,2025-08-23,2,290.44,cancelled
90303,Priya Haddad,priya.haddad@example.com,Ottawa,2025-05-07,4,116.30,cancelled
90304,Carlos Almeida,carlos.almeida@example.com,Ottawa,2025-12-06,5,92.46,pending
90305,Mei Fernández,mei.fernández@example.com,Vancouver,2025-11-16,2,302.01,pending
90306,Ivan Haddad,ivan.haddad@example.com,Ottawa,2025-10-21,5,241.90,cancelled
90307,Ana Petrov,ana.petrov@example.com,Toronto,2025-02-04,1,57.00,shipped
90308,Sofía Silva,sofía.silva@example.com,Ottawa,2025-10-12,5,386.85,pending
90309,Mei Weber,mei.weber@example.com,Vancouver,2025-08-02,3,176.23,pending
90310,Tomás Okafor,tomás.okafor@example.com,Montreal,2025-12-10,5,125.47,pending
90311,Hugo Fernández,hugo.fernández@example.com,Halifax,2025-09-25,1,156.46,shipped
90312,Grace Silva,grace.silva@example.com,Halifax,2025-08-26,2,150.24,cancelled
90313,Ivan Kim,ivan.kim@example.com,Montreal,2025-10-21,2,226.16,cancelled
90314,Nadia Nair,nadia.nair@example.com,Halifax,2025-02-28,2,78.40,pending
90315,Sofía Almeida,sofía.almeida@example.com,Calgary,2025-10-22,5,256.46,pending
90316,Mei Haddad,mei.haddad@example.com,Ottawa,2025-02-14,2,250.04,pending
90317,Ana Torres,ana.torres@example.com,Calgary,2025-03-05,5,203.90,shipped
90318,Hugo Silva,hugo.silva@example.com,Montreal,2025-02-14,3,55.44,cancelled
90319,Carlos Kim,carlos.kim@example.com,Toronto,2025-08-09,6,251.71,shipped
90320,Grace Ruiz,grace.ruiz@example.com,Ottawa,2025-01-08,2,409.96,cancelled
90321,Priya Chen,priya.chen@example.com,Halifax,2025-07-10,3,391.23,cancelled
90322,Sofía Ruiz,sofía.ruiz@example.com,Montreal,2025-09-25,6,16.43,cancelled
90323,Priya Silva,priya.silva@example.com,Ottawa,2025-08-18,6,235.74,pending
90324,Grace Nair,grace.nair@example.com,Montreal,2025-04-27,4,444.63,shipped
90325,Ivan Nair,ivan.nair@example.com,Calgary,2025-05-06,6,459.48,cancelled
90326,Mei Nair,mei.nair@example.com,Calgary,2025-02-19,6,244.49,pending
90327,Sofía Fernández,sofía.fernández@example.com,Montreal,2025-05-13,3,270.84,cancelled
90328,Carlos Weber,carlos.weber@example.com,Calgary,2025-04-10,5,229.93,pending
90329,Ana Almeida,ana.almeida@example.com,Ottawa,2025-09-15,5,364.30,pending
90330,Ana Almeida,ana.almeida@example.com,Montreal,2025-06-04,3,460.67,cancelled
90331,Ana Kim,ana.kim@example.com,Montreal,2025-08-22,6,262.19,cancelled
90332,Hugo Almeida,hugo.almeida@example.com,Montreal,2025-09-18,5,48.42,pending
90333,Hugo Silva,hugo.silva@example.com,Calgary,2025-05-21,2,315.53,pending
90334,MEI SILVA,Mei.Silva@example,calgary,07/12/2025,N/A,CAD 249.14,ACTIVE
90335,Ana Torres,ana.torres@example.com,Halifax,2025-07-09,5,486.66,pending
90336,Mei Weber,mei.weber@example.com,Ottawa,2025-02-05,5,128.70,cancelled
90337,Carlos Almeida,carlos.almeida@example.com,Ottawa,20/01/2025,1,428.66,shipped
90338,Grace Okafor,grace.okafor@example.com,Toronto,2025-07-22,5,339.99,cancelled
90339,Ana Petrov,ana.petrov@example.com,Ottawa,2025-06-15,4,369.40,pending
90340,Ivan Nair,ivan.nair@example.com,Toronto,2025-11-07,5,121.42,pending
90341,Sofía Weber,sofía.weber@example.com,Vancouver,2025-10-03,3,115.67,pending
90342,ANA NAIR,,calgary,04/07/2025,N/A,CAD 460.49,"shipped "
90343,Ana Weber,ana.weber@example.com,Toronto,2025-12-09,5,152.79,shipped
90344,Carlos Fernández,carlos.fernández@example.com,Calgary,2025-02-20,1,370.28,shipped
90345,Mei Chen,mei.chen@example.com,Vancouver,2025-03-11,3,412.08,shipped
90346,Hugo Kim,hugo.kim@example.com,Toronto,2025-12-19,2,424.14,pending
90347,Tomás Petrov,tomás.petrov@example.com,Calgary,2025-01-09,4,475.60,pending
90348,Sofía Fernández,sofía.fernández@example.com,Montreal,2025-04-27,3,212.23,pending
90349,Carlos Weber,carlos.weber@example.com,Ottawa,2025-11-16,2,112.67,cancelled
90350,Sofía Almeida,sofía.almeida@example.com,Montreal,2025-02-11,1,43.11,pending
90351,Ana Silva,ana.silva@example.com,Halifax,09/08/2025,2,51.69,pending
90352,Hugo Fernández,hugo.fernández@example.com,Montreal,2025-12-10,2,275.91,shipped
90353,Nadia Petrov,nadia.petrov@example.com,Toronto,2025-04-19,5,40.98,shipped
90354,Grace Nair,grace.nair@example.com,Toronto,2025-12-08,4,279.23,pending
90355,Lucía Silva,lucía.silva@example.com,Vancouver,2025-05-10,3,268.11,cancelled
90356,Mei Petrov,mei.petrov@example.com,Calgary,2025-05-14,2,391.01,cancelled
90357,Ivan Haddad,ivan.haddad@example.com,Vancouver,2025-08-21,4,142.47,pending
90358,Hugo Nair,hugo.nair@example.com,Ottawa,2025-07-07,6,102.89,cancelled
90359,Grace Fernández,grace.fernández@example.com,Calgary,2025-04-12,2,83.72,cancelled
90360,Nadia Torres,nadia.torres@example.com,Ottawa,2025-05-20,4,64.99,shipped
90361,Sofía Almeida,sofía.almeida@example.com,Montreal,2025-08-14,4,34.09,cancelled
90362,Omar Nair,omar.nair@example.com,Ottawa,2025-01-12,3,227.08,pending
90363,Ana Kim,ana.kim@example.com,Toronto,2025-03-21,2,310.06,shipped
90364,Mei Petrov,mei.petrov@example.com,Calgary,2025-05-07,6,96.93,cancelled
90365,Ana Chen,ana.chen@example.com,Halifax,2025-12-01,1,489.74,cancelled
90366,Ivan Nair,ivan.nair@example.com,Ottawa,2025-09-02,5,366.99,cancelled
90367,Priya Fernández,priya.fernández@example.com,Calgary,2025-05-10,4,461.32,cancelled
90368,Lucía Torres,lucía.torres@example.com,Montreal,2025-02-26,3,159.16,shipped
90369,Sofía Almeida,sofía.almeida@example.com,Calgary,2025-01-18,2,419.82,cancelled
90370,Nadia Weber,nadia.weber@example.com,Toronto,2025-01-07,5,64.39,pending
90371,Tomás Silva,tomás.silva@example.com,Vancouver,2025-08-28,5,334.41,pending
90372,Sofía Haddad,sofía.haddad@example.com,Ottawa,2025-05-14,3,62.92,cancelled
90373,Lucía Nair,lucía.nair@example.com,Halifax,2025-04-01,4,120.49,cancelled
90374,Grace Weber,grace.weber@example.com,Ottawa,2025-05-02,5,120.97,pending
90375,Ana Haddad,ana.haddad@example.com,Toronto,2025-11-15,1,14.25,shipped
90376,Omar Haddad,omar.haddad@example.com,Ottawa,2025-01-14,4,241.25,pending
90377,Ana Almeida,ana.almeida@example.com,Halifax,2025-06-03,2,43.21,shipped
90378,Lucía Nair,lucía.nair@example.com,Montreal,2025-06-11,3,48.95,shipped
90379,Tomás Nair,tomás.nair@example.com,Toronto,2025-09-26,1,373.96,cancelled
90380,Grace Haddad,grace.haddad@example.com,Calgary,2025-12-28,5,25.76,cancelled
90381,Carlos Petrov,carlos.petrov@example.com,Ottawa,2025-10-01,2,220.06,cancelled
90382,Grace Nair,grace.nair@example.com,halifax,19/10/2025,2,355.58,pending
90383,Sofía Nair,sofía.nair@example.com,Vancouver,2025-09-19,1,179.88,shipped
90384,Mei Haddad,mei.haddad@example.com,Ottawa,2025-08-28,4,131.13,pending
90385,Ana Silva,ana.silva@example.com,Calgary,2025-04-18,2,104.18,cancelled
90386,Grace Weber,grace.weber@example.com,Toronto,2025-07-24,5,422.45,shipped
90387,Carlos Almeida,carlos.almeida@example.com,Ottawa,2025-07-13,3,290.67,cancelled
90388,Tomás Weber,tomás.weber@example.com,Ottawa,2025-12-11,5,228.73,pending
90389,Ivan Weber,ivan.weber@example.com,Calgary,2025-06-08,1,470.61,shipped
90390,Grace Petrov,grace.petrov@example.com,Vancouver,2025-08-24,3,462.78,cancelled
90391,Omar Haddad,omar.haddad@example.com,Montreal,2025-04-01,3,333.39,pending
90392,Ana Chen,ana.chen@example.com,Vancouver,2025-11-16,3,41.23,pending
90393,Lucía Okafor,lucía.okafor@example.com,Montreal,2025-01-04,1,62.26,shipped
90394,Nadia Okafor,nadia.okafor@example.com,Halifax,2025-11-16,2,223.18,cancelled
90395,Hugo Okafor,hugo.okafor@example.com,Halifax,2025-03-10,4,97.71,shipped
90396,Sofía Fernández,sofía.fernández@example.com,Toronto,2025-09-19,2,341.38,pending
90397,Ana Kim,ana.kim@example.com,Montreal,2025-12-06,2,478.77,pending
90398,Hugo Okafor,hugo.okafor@example.com,Ottawa,2025-04-07,2,219.45,pending
90399,Carlos Petrov,carlos.petrov@example.com,Halifax,2025-11-03,1,347.78,pending
90400,Carlos Haddad,carlos.haddad@example.com,Vancouver,2025-05-10,2,260.08,pending
90401,Hugo Ruiz,hugo.ruiz@example.com,Calgary,2025-10-20,1,342.98,shipped
90402,TOMÁS FERNÁNDEZ,,halifax,03/10/2025,N/A,CAD 479.87,"shipped "
90403,Hugo Torres,hugo.torres@example.com,Montreal,2025-08-13,3,372.87,cancelled
90404,Tomás Almeida,tomás.almeida@example.com,Toronto,2025-07-21,4,406.00,pending
90405,Ivan Ruiz,ivan.ruiz@example.com,Ottawa,2025-08-27,3,431.64,cancelled
90406,Nadia Torres,nadia.torres@example.com,Toronto,2025-02-11,6,451.41,shipped
90407,Tomás Silva,tomás.silva@example.com,Ottawa,2025-10-26,1,26.46,cancelled
90408,Ana Fernández,ana.fernández@example.com,Montreal,2025-05-13,1,126.04,cancelled
90409,Carlos Weber,carlos.weber@example.com,Vancouver,2025-06-08,4,12.45,cancelled
90410,Omar Silva,omar.silva@example.com,Montreal,2025-01-12,1,463.91,cancelled
90411,Tomás Haddad,tomás.haddad@example.com,Ottawa,2025-01-21,2,55.12,shipped
90412,Mei Silva,mei.silva@example.com,Toronto,2025-05-14,4,65.56,pending
90413,Ivan Chen,ivan.chen@example.com,Halifax,2025-04-21,4,437.84,shipped
90414,Priya Nair,priya.nair@example.com,Vancouver,2025-09-20,1,252.82,shipped
90415,Omar Chen,omar.chen@example.com,Toronto,2025-01-25,5,383.79,pending
90416,Ivan Chen,ivan.chen@example.com,Montreal,2025-03-03,3,336.60,cancelled
90417,Priya Nair,priya.nair@example.com,Calgary,2025-08-06,2,239.06,cancelled
90418,Sofía Okafor,sofía.okafor@example.com,Ottawa,2025-12-26,1,354.64,shipped
90419,Mei Nair,mei.nair@example.com,Montreal,2025-03-11,3,269.88,shipped
90420,Carlos Chen,carlos.chen@example.com,Halifax,2025-01-12,2,157.88,shipped
90421,Mei Haddad,mei.haddad@example.com,Halifax,2025-04-17,2,121.54,shipped
90422,Hugo Nair,hugo.nair@example.com,Ottawa,2025-08-07,2,37.86,pending
90423,Carlos Kim,carlos.kim@example.com,Calgary,2025-09-04,3,132.06,shipped
90424,Omar Torres,omar.torres@example.com,Calgary,2025-06-20,5,66.78,shipped
90425,Ivan Haddad,ivan.haddad@example.com,Ottawa,2025-09-22,1,483.29,shipped
90426,Grace Torres,grace.torres@example.com,Toronto,2025-09-01,6,216.72,pending
90427,Priya Nair,priya.nair@example.com,Toronto,2025-08-21,1,437.02,pending
90428,Omar Chen,omar.chen@example.com,Calgary,2025-01-24,4,372.12,shipped
90429,Sofía Weber,sofía.weber@example.com,Ottawa,2025-11-17,3,368.30,cancelled
90430,Ivan Chen,ivan.chen@example.com,Halifax,2025-04-16,4,424.99,shipped
90431,Grace Haddad,grace.haddad@example.com,Calgary,2025-10-16,6,256.99,pending
90432,Grace Torres,grace.torres@example.com,Toronto,2025-04-02,4,311.74,cancelled
90433,Hugo Ruiz,hugo.ruiz@example.com,Calgary,2025-12-15,4,31.73,cancelled
90434,Lucía Almeida,lucía.almeida@example.com,Calgary,2025-12-26,3,366.97,shipped
90435,Nadia Haddad,nadia.haddad@example.com,Calgary,2025-07-17,6,186.92,pending
90436,Tomás Almeida,tomás.almeida@example.com,Vancouver,2025-04-28,3,236.86,shipped
90437,Hugo Ruiz,hugo.ruiz@example.com,Halifax,2025-07-04,4,52.12,shipped
90438,Lucía Weber,lucía.weber@example.com,Calgary,2025-01-24,2,450.59,cancelled
90439,Lucía Chen,lucía.chen@example.com,Vancouver,2025-02-10,3,54.98,pending
90440,Mei Petrov,mei.petrov@example.com,Ottawa,2025-01-23,6,293.94,shipped
90441,Sofía Weber,sofía.weber@example.com,Calgary,2025-08-19,5,310.52,pending
90442,Tomás Chen,tomás.chen@example.com,Halifax,2025-01-05,6,408.72,pending
90443,Sofía Kim,sofía.kim@example.com,Halifax,2025-12-19,4,447.74,cancelled
90444,Carlos Chen,carlos.chen@example.com,Halifax,2025-11-13,6,197.62,cancelled
90445,Ana Kim,ana.kim@example.com,Halifax,2025-12-27,5,455.96,pending
90446,Sofía Chen,sofía.chen@example.com,Vancouver,2025-11-10,6,437.70,cancelled
90447,Ivan Ruiz,ivan.ruiz@example.com,Montreal,2025-05-12,4,211.12,cancelled
90448,Priya Nair,priya.nair@example.com,Toronto,2025-08-22,1,411.28,shipped
90449,Mei Fernández,mei.fernández@example.com,Calgary,2025-05-14,1,369.10,pending
90450,Hugo Ruiz,hugo.ruiz@example.com,Vancouver,2025-03-11,2,318.45,pending
90451,Nadia Chen,nadia.chen@example.com,Montreal,2025-11-20,5,334.65,cancelled
90452,Mei Okafor,Mei.Okafor@example,calgary,11/07/2025,2,279574,"shipped "
90453,Ivan Torres,ivan.torres@example.com,Ottawa,2025-09-25,4,313.23,pending
90454,Ivan Chen,ivan.chen@example.com,Montreal,2025-01-06,3,372.36,pending
90455,Ana Silva,ana.silva@example.com,Montreal,2025-06-02,4,483.59,cancelled
90456,Tomás Silva,tomás.silva@example.com,Montreal,2025-11-25,4,441.14,shipped
90457,Lucía Chen,lucía.chen@example.com,Toronto,2025-11-07,2,192.65,pending
90458,Tomás Kim,tomás.kim@example.com,Ottawa,2025-11-23,2,454.56,pending
90459,Mei Silva,mei.silva@example.com,Ottawa,2025-11-01,1,438.95,cancelled
90460,Omar Silva,omar.silva@example.com,Montreal,2025-08-04,4,459.69,shipped
90461,Carlos Weber,carlos.weber@example.com,Ottawa,2025-03-10,1,245.78,cancelled
90462,GRACE KIM,,toronto,05/01/2025,N/A,CAD 488.05,"shipped "
90463,Tomás Almeida,tomás.almeida@example.com,Toronto,2025-04-25,2,304.11,cancelled
90464,Sofía Silva,sofía.silva@example.com,Toronto,2025-02-21,3,87.85,shipped
90465,Ivan Okafor,ivan.okafor@example.com,Toronto,2025-09-06,5,205.97,shipped
90466,Priya Nair,priya.nair@example.com,Calgary,2025-11-13,3,79.13,cancelled
90467,Priya Kim,priya.kim@example.com,Toronto,2025-11-22,2,406.40,pending
90468,Hugo Okafor,hugo.okafor@example.com,Vancouver,2025-05-23,3,155.57,cancelled
90469,Nadia Silva,nadia.silva@example.com,Calgary,2025-06-26,6,125.51,pending
90470,Ivan Nair,ivan.nair@example.com,ottawa,28/04/2025,3,292.55,pending
90471,Lucía Almeida,lucía.almeida@example.com,Montreal,2025-12-10,3,289.31,pending
90472,Grace Torres,grace.torres@example.com,Halifax,2025-01-09,1,123.31,shipped
90473,Nadia Fernández,nadia.fernández@example.com,Ottawa,2025-05-02,6,134.34,cancelled
90474,Hugo Fernández,hugo.fernández@example.com,Montreal,2025-08-01,2,384.17,pending
90475,Mei Chen,mei.chen@example.com,Montreal,2025-05-18,1,355.58,pending
90476,Omar Ruiz,omar.ruiz@example.com,Montreal,2025-08-12,1,298.18,shipped
90477,Carlos Fernández,carlos.fernández@example.com,Montreal,2025-08-28,3,279.22,cancelled
90478,TOMÁS RUIZ,Tomás.Ruiz@example,montreal,28/02/2025,1,CAD 88.74,"shipped "
90479,Sofía Torres,sofía.torres@example.com,Toronto,2025-10-04,6,247.71,shipped
90480,Sofía Torres,sofía.torres@example.com,Halifax,2025-05-02,2,309.73,pending
90481,Tomás Okafor,tomás.okafor@example.com,Vancouver,2025-02-20,3,329.27,shipped
90482,Mei Nair,mei.nair@example.com,Montreal,2025-02-27,4,482.78,cancelled
90483,Hugo Ruiz,hugo.ruiz@example.com,Calgary,2025-04-22,2,303.61,shipped
90484,Sofía Chen,sofía.chen@example.com,Halifax,2025-06-23,1,446.33,pending
90485,Priya Okafor,priya.okafor@example.com,Halifax,2025-01-08,1,394.96,pending
90486,Nadia Okafor,nadia.okafor@example.com,Toronto,2025-03-20,2,484.84,cancelled
90487,Priya Ruiz,priya.ruiz@example.com,Ottawa,2025-12-16,2,339.62,cancelled
90488,Sofía Haddad,sofía.haddad@example.com,Halifax,19/07/2025,1,121.88,cancelled
90489,Grace Silva,grace.silva@example.com,Calgary,2025-04-09,5,135.70,cancelled
90490,Omar Kim,omar.kim@example.com,Montreal,2025-01-20,2,22.09,pending
90491,Priya Chen,priya.chen@example.com,Montreal,2025-06-28,2,377.82,cancelled
90492,Tomás Petrov,tomás.petrov@example.com,Halifax,2025-05-11,3,398.88,shipped
90493,Ana Fernández,ana.fernández@example.com,Ottawa,2025-06-21,3,177.71,cancelled
90494,Carlos Chen,carlos.chen@example.com,Montreal,2025-08-26,2,126.60,pending
90495,Priya Silva,priya.silva@example.com,Ottawa,04/08/2025,4,57.24,pending
90496,Grace Okafor,grace.okafor@example.com,Ottawa,2025-07-05,6,199.60,shipped
90497,Nadia Fernández,nadia.fernández@example.com,Ottawa,2025-11-25,2,489.59,shipped
90498,Priya Chen,priya.chen@example.com,Halifax,2025-12-19,4,430.05,shipped
90499,Omar Fernández,omar.fernández@example.com,Calgary,2025-04-25,6,280.35,pending
90500,Sofía Ruiz,sofía.ruiz@example.com,Calgary,2025-03-12,4,373.07,cancelled
90501,Hugo Okafor,hugo.okafor@example.com,Halifax,2025-10-25,6,350.95,shipped
90502,Ana Chen,ana.chen@example.com,Montreal,2025-12-05,3,474.75,pending
90503,Ivan Silva,ivan.silva@example.com,Toronto,2025-10-24,3,134.74,pending
90504,NADIA CHEN,,ottawa,11/03/2025,N/A,CAD 398.93,Shipped
90505,Ana Kim,ana.kim@example.com,Calgary,2025-03-03,3,65.45,pending
90506,Omar Fernández,omar.fernández@example.com,Vancouver,2025-01-26,6,252.97,pending
90507,Nadia Nair,nadia.nair@example.com,Ottawa,2025-05-20,4,388.74,cancelled
90508,Nadia Fernández,nadia.fernández@example.com,Vancouver,2025-10-20,2,300.51,cancelled
90509,Ivan Petrov,ivan.petrov@example.com,Toronto,10/01/2025,3,417.32,cancelled
90510,Hugo Kim,hugo.kim@example.com,Halifax,2025-05-15,2,128.22,pending
90511,Priya Silva,priya.silva@example.com,Calgary,2025-10-04,5,276.13,cancelled
90512,Mei Silva,mei.silva@example.com,Ottawa,2025-07-01,6,257.05,cancelled
90513,Lucía Haddad,lucía.haddad@example.com,Vancouver,2025-10-27,3,382.87,shipped
90514,Ana Chen,ana.chen@example.com,Calgary,2025-09-03,3,355.26,shipped
90515,Ivan Kim,ivan.kim@example.com,Vancouver,2025-09-07,5,180.82,pending
90516,Mei Almeida,mei.almeida@example.com,Toronto,2025-12-08,2,389.58,pending
90517,Mei Okafor,mei.okafor@example.com,Ottawa,2025-11-14,6,100.72,cancelled
90518,Omar Weber,omar.weber@example.com,Toronto,2025-10-14,1,118.86,cancelled
90519,Ivan Almeida,ivan.almeida@example.com,Halifax,2025-08-09,3,137.29,cancelled
90520,Ana Kim,ana.kim@example.com,Toronto,2025-07-20,6,152.43,cancelled
90521,Lucía Kim,lucía.kim@example.com,Montreal,2025-04-27,5,271.78,cancelled
90522,Ivan Ruiz,ivan.ruiz@example.com,Halifax,2025-01-06,1,427.47,shipped
90523,Ana Chen,ana.chen@example.com,Vancouver,2025-01-04,6,452.26,shipped
90524,Tomás Almeida,tomás.almeida@example.com,Halifax,2025-02-19,2,260.50,cancelled
90525,Omar Ruiz,omar.ruiz@example.com,Calgary,2025-01-03,5,12.21,pending
90526,Nadia Kim,nadia.kim@example.com,Ottawa,2025-01-07,6,300.14,shipped
90527,Sofía Haddad,sofía.haddad@example.com,Halifax,2025-06-15,3,429.96,shipped
90528,Priya Kim,priya.kim@example.com,Calgary,2025-04-15,3,247.15,cancelled
90529,Lucía Kim,lucía.kim@example.com,Ottawa,2025-07-19,3,129.72,cancelled
90530,Grace Fernández,grace.fernández@example.com,Vancouver,2025-02-04,2,300.21,cancelled
90531,Carlos Chen,carlos.chen@example.com,Vancouver,2025-09-27,3,15.90,pending
90532,Sofía Torres,sofía.torres@example.com,Toronto,2025-08-21,3,254.87,pending
90533,Grace Fernández,grace.fernández@example.com,Halifax,2025-04-16,1,469.21,pending
90534,Hugo Petrov,hugo.petrov@example.com,Ottawa,2025-11-06,1,239.70,cancelled
90535,Sofía Chen,sofía.chen@example.com,Calgary,2025-09-16,2,32.32,cancelled
90536,Nadia Haddad,nadia.haddad@example.com,Halifax,2025-12-12,4,39.37,shipped
90537,Lucía Nair,lucía.nair@example.com,Vancouver,2025-02-20,1,166.13,shipped
90538,Tomás Okafor,tomás.okafor@example.com,Calgary,2025-12-18,3,484.76,cancelled
90539,Lucía Weber,lucía.weber@example.com,Halifax,2025-12-17,5,229.51,cancelled
90540,Priya Silva,priya.silva@example.com,Calgary,2025-02-27,5,166.41,cancelled
90541,Tomás Torres,tomás.torres@example.com,Calgary,2025-05-11,1,453.25,shipped
90542,Tomás Chen,tomás.chen@example.com,Halifax,2025-10-28,1,167.64,shipped
90543,Ana Haddad,ana.haddad@example.com,Toronto,2025-11-09,4,376.34,shipped
90544,Sofía Haddad,sofía.haddad@example.com,Calgary,2025-05-08,1,118.74,cancelled
90545,Nadia Nair,nadia.nair@example.com,Ottawa,2025-02-13,2,144.79,shipped
90546,Ana Ruiz,ana.ruiz@example.com,Vancouver,2025-05-02,1,33.96,pending
90547,Ivan Weber,ivan.weber@example.com,Toronto,2025-01-21,3,294.05,shipped
90548,Mei Nair,mei.nair@example.com,Halifax,2025-11-16,2,416.97,shipped
90549,Ivan Torres,ivan.torres@example.com,Calgary,2025-03-20,1,26.79,cancelled
90550,Priya Okafor,priya.okafor@example.com,Calgary,2025-06-17,1,167.79,shipped
90551,Ana Torres,ana.torres@example.com,Toronto,2025-01-19,2,185.65,shipped
90552,Priya Almeida,priya.almeida@example.com,Calgary,2025-07-09,4,217.78,cancelled
90553,Mei Weber,mei.weber@example.com,Toronto,19/08/2025,3,155.67,shipped
90554,Omar Petrov,omar.petrov@example.com,Montreal,2025-08-05,1,190.92,pending
90555,Tomás Kim,tomás.kim@example.com,Vancouver,2025-09-12,5,48.94,shipped
90556,Tomás Petrov,tomás.petrov@example.com,Calgary,2025-04-18,2,384.25,pending
90557,Carlos Torres,carlos.torres@example.com,Ottawa,2025-04-26,3,57.45,pending
90558,Nadia Okafor,nadia.okafor@example.com,Montreal,2025-12-17,4,454.55,shipped
90559,Mei Nair,mei.nair@example.com,Vancouver,2025-08-22,6,48.37,shipped
90560,Grace Fernández,grace.fernández@example.com,Vancouver,2025-04-09,6,73.94,shipped
90561,Mei Ruiz,mei.ruiz@example.com,Calgary,2025-01-12,5,360.37,cancelled
90562,Carlos Ruiz,carlos.ruiz@example.com,Ottawa,2025-08-12,6,224.72,cancelled
90563,Lucía Fernández,lucía.fernández@example.com,Vancouver,2025-06-13,4,39.73,shipped
90564,Priya Torres,priya.torres@example.com,Montreal,2025-06-18,2,440.53,cancelled
90565,Sofía Okafor,sofía.okafor@example.com,Montreal,2025-01-22,3,383.14,pending
90566,Ana Petrov,ana.petrov@example.com,Toronto,2025-10-19,4,353.81,shipped
90567,Ana Silva,ana.silva@example.com,Calgary,2025-10-23,5,402.64,pending
90568,Grace Kim,grace.kim@example.com,Ottawa,2025-06-26,2,93.12,pending
90569,Carlos Fernández,carlos.fernández@example.com,Montreal,2025-09-08,3,199.69,cancelled
90570,Priya Ruiz,priya.ruiz@example.com,Vancouver,2025-04-27,5,381.64,shipped
90571,Omar Chen,omar.chen@example.com,Vancouver,2025-02-23,6,459.10,shipped
90572,Nadia Silva,nadia.silva@example.com,Vancouver,2025-01-01,6,397.25,shipped
90573,Ivan Petrov,ivan.petrov@example.com,Vancouver,2025-12-02,1,400.70,shipped
90574,Priya Chen,priya.chen@example.com,Montreal,2025-10-11,2,476.40,shipped
90575,Nadia Chen,nadia.chen@example.com,Ottawa,2025-07-10,2,418.74,cancelled
90576,Carlos Chen,carlos.chen@example.com,Ottawa,2025-10-17,4,169.06,pending
90577,Ivan Nair,ivan.nair@example.com,Calgary,2025-08-10,5,221.33,cancelled
90578,Grace Almeida,grace.almeida@example.com,Ottawa,2025-07-25,1,296.39,pending
90579,Omar Weber,omar.weber@example.com,Calgary,2025-09-04,3,227.16,shipped
90580,Ana Silva,ana.silva@example.com,Halifax,2025-04-07,3,395.06,pending
90581,Carlos Silva,carlos.silva@example.com,Halifax,2025-05-06,3,381.45,cancelled
90582,Carlos Haddad,carlos.haddad@example.com,Montreal,2025-07-12,6,31.66,pending
90583,Hugo Ruiz,hugo.ruiz@example.com,Calgary,2025-01-28,2,348.69,cancelled
90584,Lucía Weber,lucía.weber@example.com,Calgary,2025-11-13,2,318.67,cancelled
90585,Nadia Almeida,nadia.almeida@example.com,Calgary,2025-05-23,1,364.56,shipped
90586,Ivan Fernández,ivan.fernández@example.com,Vancouver,2025-12-22,1,484.19,cancelled
90587,Ivan Fernández,ivan.fernández@example.com,Toronto,2025-09-07,6,405.36,shipped
90588,Lucía Weber,lucía.weber@example.com,Ottawa,2025-09-14,4,304.83,cancelled
90589,Mei Weber,mei.weber@example.com,Montreal,2025-09-25,2,56.96,cancelled
90590,Nadia Okafor,nadia.okafor@example.com,Vancouver,2025-06-05,4,428.33,pending
90591,Grace Almeida,grace.almeida@example.com,Ottawa,2025-08-01,1,186.74,shipped
90592,Sofía Nair,sofía.nair@example.com,Calgary,2025-12-28,4,138.12,shipped
90593,Omar Chen,omar.chen@example.com,Vancouver,2025-10-14,6,410.61,pending
90594,Grace Fernández,grace.fernández@example.com,Ottawa,2025-06-21,3,81.96,shipped
90595,Tomás Chen,tomás.chen@example.com,Vancouver,2025-05-27,6,113.61,pending
90596,Mei Fernández,mei.fernández@example.com,Calgary,2025-07-11,4,345.96,pending
90597,Sofía Fernández,sofía.fernández@example.com,Halifax,2025-07-02,3,209.02,shipped
90598,Ana Kim,ana.kim@example.com,Vancouver,2025-06-16,1,384.32,cancelled
90599,Tomás Okafor,tomás.okafor@example.com,Vancouver,2025-05-08,6,382.62,shipped
90600,Ivan Almeida,ivan.almeida@example.com,Calgary,2025-03-07,4,296.32,pending
90601,Nadia Torres,nadia.torres@example.com,Calgary,2025-11-06,6,467.25,shipped
90602,Nadia Chen,nadia.chen@example.com,Vancouver,2025-05-11,5,84.26,pending
90603,Ana Nair,ana.nair@example.com,Montreal,2025-04-25,5,12.33,pending
90604,Mei Silva,mei.silva@example.com,Calgary,2025-12-12,4,277.48,shipped
90605,Nadia Petrov,nadia.petrov@example.com,Toronto,2025-12-27,4,330.27,pending
90606,Hugo Haddad,hugo.haddad@example.com,Montreal,2025-07-16,2,265.31,shipped
90607,Lucía Chen,lucía.chen@example.com,Calgary,2025-11-22,2,47.49,shipped
90608,Carlos Weber,carlos.weber@example.com,Halifax,2025-05-25,4,20.56,pending
90609,Ivan Kim,ivan.kim@example.com,Halifax,2025-08-08,6,151.10,shipped
90610,Sofía Haddad,sofía.haddad@example.com,Montreal,2025-01-06,3,133.98,shipped
90611,Lucía Almeida,lucía.almeida@example.com,Vancouver,2025-08-24,3,160.07,shipped
90612,Mei Haddad,mei.haddad@example.com,Halifax,2025-01-01,6,41.75,pending
90613,Lucía Okafor,lucía.okafor@example.com,Vancouver,2025-11-10,6,438.11,cancelled
90614,Tomás Haddad,tomás.haddad@example.com,Ottawa,2025-09-10,1,266.39,cancelled
90615,Omar Almeida,omar.almeida@example.com,Montreal,2025-11-24,1,422.30,pending
90616,Nadia Almeida,nadia.almeida@example.com,Montreal,2025-11-13,3,385.38,shipped
90617,Nadia Silva,nadia.silva@example.com,Montreal,2025-12-19,6,423.42,pending
90618,Lucía Petrov,lucía.petrov@example.com,Ottawa,2025-01-05,5,134.94,cancelled
90619,Omar Weber,omar.weber@example.com,Toronto,2025-02-01,1,122.86,cancelled
90620,Sofía Almeida,sofía.almeida@example.com,Vancouver,2025-10-05,6,187.25,shipped
90621,Omar Haddad,omar.haddad@example.com,Montreal,2025-10-19,1,441.50,shipped
90622,SOFÍA ALMEIDA,Sofía.Almeida@example,toronto,15/08/2025,N/A,CAD 209.29,ACTIVE
90623,Nadia Okafor,nadia.okafor@example.com,Montreal,2025-07-08,4,364.80,shipped
90624,Mei Nair,mei.nair@example.com,Vancouver,2025-08-07,5,417.00,shipped
90625,Hugo Ruiz,hugo.ruiz@example.com,Calgary,2025-01-05,5,137.50,shipped
90626,Lucía Fernández,lucía.fernández@example.com,Montreal,2025-10-10,3,53.95,pending
90627,Mei Almeida,mei.almeida@example.com,Halifax,2025-06-04,2,103.02,shipped
90628,Grace Almeida,grace.almeida@example.com,Vancouver,2025-04-03,5,204.46,cancelled
90629,Ana Ruiz,ana.ruiz@example.com,Montreal,2025-01-03,1,257.73,shipped
90630,Ivan Kim,ivan.kim@example.com,Ottawa,2025-11-15,5,147.92,pending
90631,Nadia Torres,nadia.torres@example.com,Toronto,2025-04-20,2,455.99,cancelled
90632,Carlos Petrov,carlos.petrov@example.com,Ottawa,2025-11-23,5,489.84,shipped
90633,Omar Ruiz,omar.ruiz@example.com,Vancouver,2025-01-08,2,406.53,shipped
90634,Sofía Okafor,sofía.okafor@example.com,Calgary,2025-11-04,6,486.70,cancelled
90635,Grace Kim,grace.kim@example.com,Montreal,2025-04-20,1,461.98,shipped
90636,Ivan Petrov,ivan.petrov@example.com,Vancouver,2025-05-16,2,230.79,shipped
90637,Hugo Nair,hugo.nair@example.com,Calgary,2025-11-11,6,398.40,pending
90638,Nadia Fernández,Nadia.Fernández@example,calgary,02/12/2025,1,82670,ACTIVE
90639,Ana Nair,ana.nair@example.com,Halifax,2025-09-04,5,236.20,shipped
90640,Lucía Haddad,lucía.haddad@example.com,Halifax,2025-02-21,6,330.61,shipped
90641,Tomás Nair,tomás.nair@example.com,Toronto,2025-03-28,3,270.79,shipped
90642,Ana Weber,ana.weber@example.com,Vancouver,2025-04-17,4,150.70,pending
90643,TOMÁS ALMEIDA,Tomás.Almeida@example,halifax,21/06/2025,N/A,CAD 450.92,ACTIVE
90644,Ana Fernández,ana.fernández@example.com,Toronto,2025-11-16,4,472.71,pending
90645,Lucía Nair,lucía.nair@example.com,Calgary,2025-10-02,5,180.21,cancelled
90646,Carlos Almeida,carlos.almeida@example.com,Halifax,2025-10-16,4,95.21,shipped
90647,Ana Haddad,ana.haddad@example.com,Montreal,2025-11-22,6,209.66,shipped
90648,Tomás Haddad,tomás.haddad@example.com,Halifax,2025-06-04,4,419.06,shipped
90649,Nadia Haddad,nadia.haddad@example.com,Ottawa,2025-05-23,5,189.22,cancelled
90650,Omar Petrov,omar.petrov@example.com,Calgary,2025-11-22,2,415.21,pending
90651,Mei Silva,mei.silva@example.com,Halifax,2025-07-12,6,261.26,shipped
90652,Grace Ruiz,grace.ruiz@example.com,Calgary,2025-07-15,5,303.28,pending
90653,Lucía Ruiz,lucía.ruiz@example.com,Ottawa,2025-12-23,5,218.80,cancelled
90654,Omar Silva,omar.silva@example.com,Ottawa,2025-02-24,5,34.86,pending
90655,Priya Nair,priya.nair@example.com,Calgary,2025-08-21,4,375.91,shipped
90656,Priya Nair,priya.nair@example.com,Toronto,2025-02-26,4,208.46,shipped
90657,Ivan Okafor,ivan.okafor@example.com,Halifax,2025-03-20,6,111.63,shipped
90658,Sofía Okafor,sofía.okafor@example.com,Toronto,2025-05-09,4,115.56,cancelled
90659,Mei Kim,mei.kim@example.com,Toronto,2025-02-17,5,469.26,shipped
90660,Lucía Petrov,lucía.petrov@example.com,Calgary,2025-01-05,4,437.10,cancelled
90661,IVAN CHEN,Ivan.Chen@example,montreal,02/10/2025,1,CAD 55.47,"shipped "
90662,Ivan Chen,ivan.chen@example.com,Toronto,2025-08-06,1,90.55,shipped
90663,Ana Torres,ana.torres@example.com,Halifax,2025-01-27,2,27.64,shipped
90664,Nadia Silva,nadia.silva@example.com,Toronto,2025-01-17,2,270.43,cancelled
90665,Nadia Petrov,nadia.petrov@example.com,Vancouver,2025-10-21,5,203.41,pending
90666,Omar Haddad,omar.haddad@example.com,Halifax,2025-04-21,3,211.46,shipped
90667,Omar Nair,omar.nair@example.com,Calgary,2025-07-09,1,31.64,pending
90668,Sofía Kim,sofía.kim@example.com,Halifax,2025-10-04,5,149.36,shipped
90669,Hugo Silva,hugo.silva@example.com,Toronto,2025-06-09,5,47.41,cancelled
90670,Grace Okafor,grace.okafor@example.com,Toronto,2025-08-06,3,366.82,cancelled
90671,Hugo Ruiz,hugo.ruiz@example.com,Calgary,2025-01-20,4,288.42,cancelled
90672,Omar Weber,omar.weber@example.com,Vancouver,2025-06-07,3,261.27,cancelled
90673,Hugo Chen,hugo.chen@example.com,Vancouver,2025-08-18,1,305.42,shipped
90674,Priya Weber,priya.weber@example.com,Calgary,2025-06-12,5,71.92,pending
90675,Lucía Silva,lucía.silva@example.com,Halifax,2025-12-24,3,459.60,pending
90676,Hugo Almeida,hugo.almeida@example.com,Ottawa,2025-11-04,3,17.30,shipped
90677,Grace Fernández,grace.fernández@example.com,Halifax,2025-09-06,3,229.66,shipped
90678,Carlos Haddad,carlos.haddad@example.com,Toronto,2025-12-25,2,421.60,shipped
90679,Priya Petrov,priya.petrov@example.com,Toronto,2025-06-22,5,387.73,pending
90680,Sofía Almeida,sofía.almeida@example.com,Montreal,11/04/2025,6,230.75,shipped
90681,Tomás Nair,tomás.nair@example.com,Halifax,2025-08-14,1,36.56,cancelled
90682,Carlos Weber,carlos.weber@example.com,Montreal,2025-07-15,5,288.80,shipped
90683,Sofía Almeida,sofía.almeida@example.com,Vancouver,2025-04-09,5,142.91,cancelled
90684,Nadia Almeida,nadia.almeida@example.com,Vancouver,2025-11-10,3,66.78,shipped
90685,Mei Silva,mei.silva@example.com,Toronto,2025-08-11,4,56.49,cancelled
90686,Carlos Kim,carlos.kim@example.com,Montreal,2025-04-21,5,235.10,shipped
90687,Nadia Haddad,nadia.haddad@example.com,Montreal,2025-03-03,6,409.54,shipped
90688,Nadia Petrov,nadia.petrov@example.com,Montreal,2025-05-01,6,342.62,pending
90689,Nadia Weber,nadia.weber@example.com,Calgary,2025-01-01,6,117.14,cancelled
90690,Carlos Silva,carlos.silva@example.com,Vancouver,2025-06-14,4,217.49,pending
90691,Hugo Nair,hugo.nair@example.com,Halifax,2025-05-25,1,229.69,pending
90692,Sofía Almeida,sofía.almeida@example.com,Calgary,2025-03-21,4,386.88,shipped
90693,Carlos Haddad,carlos.haddad@example.com,Halifax,2025-11-11,1,66.88,pending
90694,Priya Kim,priya.kim@example.com,Halifax,2025-08-27,6,356.43,cancelled
90695,Mei Torres,mei.torres@example.com,Calgary,2025-06-03,5,124.04,shipped
90696,Ana Silva,ana.silva@example.com,Halifax,2025-01-16,1,333.69,shipped
90697,Grace Chen,grace.chen@example.com,Montreal,2025-04-26,1,283.66,shipped
90698,Mei Fernández,mei.fernández@example.com,Calgary,2025-03-11,5,413.16,pending
90699,Carlos Nair,carlos.nair@example.com,Calgary,2025-07-14,6,42.05,cancelled
90700,Sofía Torres,sofía.torres@example.com,Halifax,2025-03-18,1,284.62,shipped
90701,Sofía Weber,sofía.weber@example.com,Halifax,2025-05-07,3,258.17,pending
90702,Carlos Okafor,carlos.okafor@example.com,Montreal,2025-02-09,5,263.93,pending
90703,Mei Fernández,mei.fernández@example.com,Calgary,2025-03-09,2,97.04,shipped
90704,Mei Fernández,mei.fernández@example.com,Halifax,2025-02-08,6,292.78,shipped
90705,Mei Kim,mei.kim@example.com,Toronto,2025-08-17,5,20.50,pending
90706,Ana Ruiz,ana.ruiz@example.com,Calgary,2025-02-10,2,384.29,cancelled
90707,Ana Petrov,ana.petrov@example.com,Toronto,2025-11-23,2,349.64,cancelled
90708,Omar Weber,omar.weber@example.com,Montreal,2025-03-07,6,374.98,pending
90709,Sofía Fernández,sofía.fernández@example.com,Vancouver,2025-08-27,2,463.45,cancelled
90710,Omar Silva,omar.silva@example.com,halifax,10/09/2025,3,237.04,shipped
90711,Hugo Weber,hugo.weber@example.com,Calgary,2025-09-03,3,302.48,pending
90712,Nadia Petrov,nadia.petrov@example.com,Calgary,2025-11-08,2,95.79,shipped
90713,Hugo Torres,hugo.torres@example.com,Toronto,2025-08-27,4,90.35,cancelled
90714,Carlos Nair,carlos.nair@example.com,Calgary,2025-02-15,1,439.94,shipped
90715,Lucía Torres,lucía.torres@example.com,Montreal,2025-03-20,6,328.36,shipped
90716,Priya Chen,priya.chen@example.com,Vancouver,2025-11-25,6,186.67,cancelled
90717,Priya Petrov,priya.petrov@example.com,Vancouver,2025-04-12,3,253.20,cancelled
90718,Hugo Petrov,hugo.petrov@example.com,Montreal,2025-09-27,6,454.63,shipped
90719,ANA FERNÁNDEZ,,halifax,16/01/2025,N/A,CAD 418.13,Shipped
90720,Sofía Haddad,sofía.haddad@example.com,Vancouver,2025-11-19,3,243.66,cancelled
90721,Lucía Silva,lucía.silva@example.com,Halifax,2025-06-06,1,195.27,shipped
90722,Tomás Fernández,tomás.fernández@example.com,Halifax,2025-09-13,2,352.96,cancelled
90723,Lucía Almeida,lucía.almeida@example.com,Halifax,2025-06-02,2,98.56,shipped
90724,Priya Nair,priya.nair@example.com,Halifax,2025-11-26,5,453.94,cancelled
90725,Ana Ruiz,ana.ruiz@example.com,Vancouver,2025-01-03,3,446.78,pending
90726,Tomás Fernández,tomás.fernández@example.com,Toronto,2025-09-18,3,364.42,cancelled
90727,Priya Chen,priya.chen@example.com,Toronto,2025-08-15,5,292.13,pending
90728,Lucía Kim,lucía.kim@example.com,Montreal,2025-05-05,2,209.44,pending
90729,Lucía Weber,lucía.weber@example.com,Halifax,2025-12-21,5,252.19,shipped
90730,Nadia Okafor,nadia.okafor@example.com,Ottawa,2025-03-21,2,147.98,cancelled
90731,Hugo Fernández,hugo.fernández@example.com,Vancouver,2025-11-28,5,179.10,pending
90732,Ana Okafor,ana.okafor@example.com,Vancouver,2025-10-14,2,424.44,shipped
90733,Priya Weber,priya.weber@example.com,Montreal,2025-04-28,2,138.70,pending
90734,Carlos Okafor,carlos.okafor@example.com,Ottawa,2025-03-10,5,84.41,pending
90735,Carlos Torres,carlos.torres@example.com,Montreal,2025-07-16,4,445.13,shipped
90736,Lucía Petrov,lucía.petrov@example.com,Toronto,2025-05-18,3,188.85,shipped
90737,SOFÍA PETROV,,ottawa,24/11/2025,N/A,CAD 323.47,Shipped
90738,Omar Almeida,omar.almeida@example.com,Ottawa,2025-04-19,4,367.37,pending
90739,Ana Silva,ana.silva@example.com,Ottawa,2025-07-28,4,133.22,pending
90740,Priya Chen,priya.chen@example.com,Halifax,2025-08-08,3,116.60,pending
90741,IVAN FERNÁNDEZ,Ivan.Fernández@example,halifax,11/08/2025,3,CAD 484.40,ACTIVE
90742,Grace Almeida,grace.almeida@example.com,Ottawa,2025-02-23,1,433.15,shipped
90743,Sofía Petrov,sofía.petrov@example.com,Halifax,2025-08-27,1,443.02,shipped
90744,Priya Weber,priya.weber@example.com,Toronto,2025-01-02,4,362.36,cancelled
90745,NADIA PETROV,,montreal,13/09/2025,N/A,CAD 66.84,Shipped
90746,Ana Okafor,ana.okafor@example.com,Montreal,2025-08-18,2,59.54,pending
90747,Grace Haddad,grace.haddad@example.com,Calgary,2025-02-14,1,444.57,shipped
90748,Omar Okafor,omar.okafor@example.com,Calgary,2025-02-24,6,232.36,shipped
90749,Tomás Nair,tomás.nair@example.com,Toronto,2025-08-17,1,337.67,cancelled
90750,Tomás Torres,tomás.torres@example.com,Calgary,2025-12-03,4,144.60,shipped
90751,Omar Weber,omar.weber@example.com,Halifax,2025-02-11,3,179.89,cancelled
90752,Tomás Okafor,tomás.okafor@example.com,Toronto,2025-12-21,1,66.14,shipped
90753,Ana Nair,ana.nair@example.com,Vancouver,2025-11-14,6,202.10,pending
90754,Ivan Chen,ivan.chen@example.com,Halifax,2025-04-05,4,398.29,cancelled
90755,Priya Almeida,priya.almeida@example.com,Vancouver,2025-08-25,6,457.66,shipped
90756,Ivan Weber,ivan.weber@example.com,Calgary,2025-06-23,4,215.51,shipped
90757,MEI WEBER,Mei.Weber@example,halifax,01/08/2025,1,CAD 489.97,"shipped "
90758,Grace Weber,grace.weber@example.com,Vancouver,2025-06-16,1,99.72,cancelled
90759,Lucía Torres,lucía.torres@example.com,Vancouver,2025-07-12,1,193.14,pending
90760,Sofía Silva,sofía.silva@example.com,Vancouver,2025-08-26,4,158.29,pending
90761,IVAN HADDAD,,toronto,26/03/2025,N/A,CAD 290.07,ACTIVE
90762,Sofía Weber,sofía.weber@example.com,Vancouver,2025-05-05,5,310.87,pending
90763,Priya Okafor,priya.okafor@example.com,Toronto,2025-03-23,2,78.63,shipped
90764,Tomás Silva,tomás.silva@example.com,Ottawa,2025-01-03,4,135.02,pending
90765,Sofía Haddad,sofía.haddad@example.com,Montreal,2025-01-25,4,329.45,shipped
90766,Nadia Torres,nadia.torres@example.com,Toronto,2025-02-17,5,484.32,shipped
90767,Grace Fernández,grace.fernández@example.com,Calgary,2025-03-12,5,403.47,pending
90768,Nadia Petrov,nadia.petrov@example.com,Halifax,2025-05-02,4,164.00,cancelled
90769,Lucía Chen,lucía.chen@example.com,Calgary,2025-07-22,5,305.37,pending
90770,Carlos Silva,carlos.silva@example.com,Toronto,2025-06-20,5,19.76,pending
90771,PRIYA SILVA,Priya.Silva@example,halifax,17/03/2025,6,CAD 273.97,ACTIVE
90772,Lucía Kim,lucía.kim@example.com,Toronto,2025-06-14,3,110.11,shipped
90773,Tomás Silva,tomás.silva@example.com,Calgary,2025-10-25,1,327.79,pending
90774,Priya Torres,priya.torres@example.com,Toronto,2025-03-15,4,352.40,pending
90775,Hugo Almeida,hugo.almeida@example.com,Toronto,2025-07-02,5,403.55,shipped
90776,Nadia Torres,nadia.torres@example.com,Montreal,2025-06-02,1,460.98,shipped
90777,Hugo Chen,hugo.chen@example.com,Toronto,2025-04-11,5,376.18,shipped
90778,SOFÍA RUIZ,,toronto,12/01/2025,N/A,CAD 102.99,ACTIVE
90779,Mei Okafor,mei.okafor@example.com,Calgary,2025-06-02,1,114.16,pending
90780,Grace Haddad,grace.haddad@example.com,Toronto,2025-07-28,2,455.97,pending
90781,Sofía Kim,Sofía.Kim@example,toronto,02/05/2025,5,63758,"shipped "
90782,Hugo Weber,hugo.weber@example.com,Calgary,2025-04-15,3,429.64,shipped
90783,Mei Chen,mei.chen@example.com,Vancouver,2025-07-14,2,290.73,cancelled
90784,Priya Almeida,priya.almeida@example.com,Toronto,2025-08-01,5,421.75,shipped
90785,Lucía Torres,lucía.torres@example.com,Halifax,2025-08-11,2,133.07,shipped
90786,Lucía Okafor,lucía.okafor@example.com,Montreal,2025-01-17,4,364.00,cancelled
90787,Priya Haddad,priya.haddad@example.com,Montreal,2025-05-23,4,163.59,cancelled
90788,Omar Haddad,omar.haddad@example.com,Vancouver,2025-01-06,2,294.37,cancelled
90789,Sofía Chen,sofía.chen@example.com,Toronto,2025-02-16,5,295.85,shipped
90790,Mei Chen,mei.chen@example.com,Calgary,2025-05-15,1,218.73,cancelled
90791,Mei Weber,mei.weber@example.com,Halifax,2025-04-02,3,12.04,cancelled
90792,Tomás Torres,tomás.torres@example.com,Ottawa,2025-12-27,1,344.54,pending
90793,Priya Fernández,priya.fernández@example.com,Toronto,2025-01-09,5,107.18,shipped
90794,Mei Haddad,mei.haddad@example.com,Toronto,2025-01-05,5,40.47,cancelled
90795,Grace Ruiz,grace.ruiz@example.com,Toronto,2025-06-08,6,343.08,pending
90796,Tomás Torres,tomás.torres@example.com,Montreal,2025-03-04,1,73.69,pending
90797,Sofía Silva,sofía.silva@example.com,Toronto,2025-01-17,6,116.43,pending
90798,Omar Haddad,omar.haddad@example.com,Toronto,2025-01-27,6,307.16,cancelled
90799,Ana Kim,ana.kim@example.com,Toronto,2025-09-02,3,194.90,shipped
90800,Nadia Fernández,nadia.fernández@example.com,Halifax,2025-05-15,5,479.16,cancelled
90801,Nadia Ruiz,nadia.ruiz@example.com,Vancouver,2025-03-28,4,74.80,cancelled
90802,Lucía Almeida,lucía.almeida@example.com,Vancouver,2025-02-12,3,407.07,pending
90803,Mei Almeida,mei.almeida@example.com,Vancouver,2025-11-05,3,69.16,shipped
90804,Priya Petrov,priya.petrov@example.com,Vancouver,2025-01-22,2,88.64,cancelled
90805,Carlos Chen,carlos.chen@example.com,Ottawa,2025-08-23,5,389.53,pending
90806,Mei Kim,mei.kim@example.com,Calgary,2025-08-11,2,54.98,cancelled
90807,Omar Haddad,omar.haddad@example.com,Vancouver,2025-03-09,1,60.69,shipped
90808,Lucía Nair,lucía.nair@example.com,Ottawa,2025-05-14,6,487.22,cancelled
90809,Lucía Kim,lucía.kim@example.com,Ottawa,2025-07-14,3,479.59,cancelled
90810,Grace Nair,Grace.Nair@example,toronto,17/10/2025,4,404.64,ACTIVE
90811,Priya Torres,priya.torres@example.com,Vancouver,2025-05-11,4,214.63,shipped
90812,Ivan Almeida,ivan.almeida@example.com,Montreal,2025-11-05,2,129.43,shipped
90813,Ana Ruiz,ana.ruiz@example.com,Toronto,2025-04-26,6,104.86,cancelled
90814,Sofía Weber,sofía.weber@example.com,Vancouver,2025-10-28,3,369.51,cancelled
90815,Priya Fernández,priya.fernández@example.com,Vancouver,2025-12-13,3,232.22,shipped
90816,Mei Petrov,mei.petrov@example.com,Calgary,2025-01-09,1,231.15,pending
90817,Carlos Torres,carlos.torres@example.com,Calgary,2025-07-14,2,282.90,shipped
90818,Sofía Ruiz,sofía.ruiz@example.com,Vancouver,2025-12-01,3,322.46,cancelled
90819,Ana Kim,ana.kim@example.com,Vancouver,2025-06-05,4,151.24,shipped
90820,Sofía Ruiz,sofía.ruiz@example.com,Halifax,2025-10-19,3,292.14,shipped
90821,Hugo Weber,hugo.weber@example.com,Toronto,2025-11-09,2,263.19,pending
90822,Nadia Fernández,nadia.fernández@example.com,Halifax,2025-07-15,3,62.95,cancelled
90823,Ivan Weber,ivan.weber@example.com,Toronto,2025-04-28,5,466.65,shipped
90824,Tomás Almeida,tomás.almeida@example.com,Calgary,2025-08-09,2,38.84,shipped
90825,Priya Torres,priya.torres@example.com,Ottawa,2025-01-24,5,356.78,pending
90826,Ivan Petrov,ivan.petrov@example.com,Montreal,2025-09-21,5,196.94,shipped
90827,Priya Chen,priya.chen@example.com,Calgary,2025-07-10,5,435.03,pending
90828,Mei Petrov,mei.petrov@example.com,Halifax,2025-01-23,3,129.98,pending
90829,Ana Silva,ana.silva@example.com,Toronto,2025-02-10,3,45.84,shipped
90830,Hugo Kim,hugo.kim@example.com,Montreal,2025-05-14,4,280.77,cancelled
90831,Tomás Okafor,tomás.okafor@example.com,Vancouver,2025-06-20,3,30.54,pending
90832,Mei Fernández,mei.fernández@example.com,Montreal,2025-10-27,4,150.80,cancelled
90833,Ana Chen,ana.chen@example.com,Montreal,2025-05-16,6,361.60,cancelled
90834,Ana Nair,ana.nair@example.com,Toronto,2025-12-14,3,83.38,shipped
90835,Tomás Weber,tomás.weber@example.com,Halifax,2025-10-20,2,372.03,shipped
90836,Grace Ruiz,grace.ruiz@example.com,Calgary,2025-03-20,4,301.59,pending
90837,Lucía Ruiz,lucía.ruiz@example.com,Ottawa,2025-04-06,5,106.53,cancelled
90838,Tomás Torres,tomás.torres@example.com,Toronto,2025-10-04,3,106.04,pending
90839,Mei Torres,mei.torres@example.com,Montreal,2025-11-01,2,412.50,shipped
90840,Nadia Haddad,Nadia.Haddad@example,toronto,01/06/2025,3,65.56,"shipped "
90841,MEI PETROV,,calgary,04/11/2025,N/A,CAD 30.91,"shipped "
90842,Sofía Nair,sofía.nair@example.com,Calgary,2025-08-24,6,400.99,pending
90843,Ana Petrov,ana.petrov@example.com,Montreal,2025-12-06,6,195.52,shipped
90844,Carlos Weber,carlos.weber@example.com,Vancouver,2025-04-24,2,391.67,shipped
90845,Ana Fernández,ana.fernández@example.com,Montreal,2025-01-14,5,307.79,shipped
90846,Carlos Silva,carlos.silva@example.com,Halifax,2025-12-21,5,391.04,shipped
90847,Ivan Haddad,ivan.haddad@example.com,Montreal,2025-11-14,2,173.80,pending
90848,Ana Weber,ana.weber@example.com,Toronto,2025-01-25,2,125.95,shipped
90849,Priya Ruiz,priya.ruiz@example.com,Montreal,2025-05-05,5,181.63,pending
90850,Grace Torres,grace.torres@example.com,Calgary,2025-01-10,5,428.26,cancelled
90851,Nadia Torres,nadia.torres@example.com,Toronto,2025-12-01,3,345.65,shipped
90852,Hugo Torres,hugo.torres@example.com,Halifax,2025-11-21,6,202.16,pending
90853,Omar Petrov,omar.petrov@example.com,Vancouver,2025-12-16,1,84.32,shipped
90854,Sofía Okafor,sofía.okafor@example.com,Halifax,2025-07-27,6,227.41,pending
90855,Ana Okafor,ana.okafor@example.com,Ottawa,04/04/2025,4,79.12,pending
90856,Nadia Okafor,nadia.okafor@example.com,Halifax,2025-12-21,3,152.90,shipped
90857,Sofía Silva,sofía.silva@example.com,Ottawa,2025-02-20,2,231.55,shipped
90858,Nadia Weber,nadia.weber@example.com,Vancouver,2025-11-13,6,181.58,cancelled
90859,Hugo Fernández,hugo.fernández@example.com,Toronto,2025-05-01,1,179.04,shipped
90860,Carlos Torres,carlos.torres@example.com,Halifax,2025-10-09,6,365.86,pending
90861,Tomás Kim,tomás.kim@example.com,Halifax,2025-03-19,5,63.15,pending
90862,Lucía Okafor,lucía.okafor@example.com,Calgary,2025-07-20,3,38.48,shipped
90863,Mei Ruiz,mei.ruiz@example.com,Toronto,2025-09-25,4,234.82,shipped
90864,Ivan Chen,ivan.chen@example.com,Halifax,2025-02-28,6,381.04,shipped
90865,Grace Weber,grace.weber@example.com,Vancouver,2025-07-04,2,167.87,cancelled
90866,Priya Ruiz,priya.ruiz@example.com,Toronto,2025-03-18,5,208.34,shipped
90867,Tomás Okafor,tomás.okafor@example.com,Calgary,2025-05-16,3,131.45,shipped
90868,Nadia Fernández,nadia.fernández@example.com,Toronto,2025-12-01,5,447.07,shipped
90869,Sofía Ruiz,sofía.ruiz@example.com,Ottawa,2025-11-06,5,396.74,shipped
90870,Mei Chen,mei.chen@example.com,Ottawa,2025-07-23,6,227.17,shipped
90871,Tomás Chen,tomás.chen@example.com,Halifax,2025-06-20,5,329.25,shipped
90872,Hugo Chen,hugo.chen@example.com,Montreal,2025-04-18,4,469.53,shipped
90873,Carlos Torres,carlos.torres@example.com,Montreal,2025-08-27,2,453.14,shipped
90874,Omar Weber,omar.weber@example.com,Calgary,2025-05-17,6,74.02,shipped
90875,Carlos Fernández,Carlos.Fernández@example,vancouver,24/02/2025,3,372105,ACTIVE
90876,Carlos Chen,carlos.chen@example.com,Montreal,2025-01-02,2,214.35,shipped
90877,Priya Silva,priya.silva@example.com,Montreal,2025-08-19,5,92.85,shipped
90878,Grace Petrov,grace.petrov@example.com,Montreal,2025-11-17,2,367.32,shipped
90879,Priya Haddad,priya.haddad@example.com,Ottawa,2025-08-26,3,116.82,shipped
90880,Carlos Petrov,carlos.petrov@example.com,Toronto,25/12/2025,3,333.54,pending
90881,Priya Weber,priya.weber@example.com,Ottawa,2025-01-14,2,341.60,shipped
90882,Mei Nair,mei.nair@example.com,Ottawa,2025-07-08,1,267.29,cancelled
90883,Hugo Ruiz,hugo.ruiz@example.com,Halifax,2025-04-06,5,157.31,cancelled
90884,Nadia Okafor,nadia.okafor@example.com,Halifax,2025-12-23,6,102.33,cancelled
90885,Sofía Almeida,sofía.almeida@example.com,Montreal,2025-10-10,3,412.81,shipped
90886,Ivan Fernández,ivan.fernández@example.com,Toronto,2025-12-01,6,231.94,shipped
90887,Carlos Haddad,carlos.haddad@example.com,Vancouver,2025-12-03,3,125.51,pending
90888,Tomás Torres,tomás.torres@example.com,Vancouver,2025-09-04,1,213.26,shipped
90889,Lucía Haddad,lucía.haddad@example.com,Toronto,2025-11-12,6,423.72,shipped
90890,Nadia Silva,nadia.silva@example.com,Ottawa,2025-12-24,3,130.73,pending
90891,Lucía Torres,lucía.torres@example.com,Montreal,2025-07-18,3,210.35,shipped
90892,Carlos Petrov,carlos.petrov@example.com,Ottawa,2025-11-17,4,35.86,shipped
90893,Sofía Silva,sofía.silva@example.com,Montreal,2025-06-01,2,412.59,cancelled
90894,Lucía Petrov,lucía.petrov@example.com,Ottawa,2025-11-06,5,19.20,shipped
90895,Hugo Petrov,hugo.petrov@example.com,Calgary,2025-06-19,3,208.24,shipped
90896,Sofía Silva,sofía.silva@example.com,Ottawa,2025-02-27,2,111.64,pending
90897,Priya Ruiz,priya.ruiz@example.com,Halifax,2025-07-07,4,69.53,shipped
90898,Mei Weber,mei.weber@example.com,Montreal,2025-06-05,6,319.28,cancelled
90899,HUGO WEBER,Hugo.Weber@example,halifax,27/05/2025,1,CAD 71.37,Shipped
90900,Ivan Ruiz,ivan.ruiz@example.com,Toronto,2025-03-13,4,272.71,shipped
90901,Nadia Chen,nadia.chen@example.com,Vancouver,2025-07-06,4,150.06,cancelled
90902,Mei Torres,mei.torres@example.com,Toronto,2025-12-16,6,92.23,cancelled
90903,Mei Okafor,mei.okafor@example.com,Calgary,2025-01-16,3,480.00,pending
90904,LUCÍA NAIR,Lucía.Nair@example,halifax,26/06/2025,N/A,CAD 379.12,"shipped "
90905,Ana Torres,ana.torres@example.com,Ottawa,2025-03-12,5,189.55,shipped
90906,Sofía Petrov,sofía.petrov@example.com,Halifax,2025-07-16,1,130.55,cancelled
90907,Grace Fernández,grace.fernández@example.com,Halifax,2025-10-27,6,100.50,pending
90908,Nadia Ruiz,nadia.ruiz@example.com,Vancouver,2025-11-02,5,14.32,cancelled
90909,Carlos Almeida,carlos.almeida@example.com,Calgary,2025-10-03,6,83.46,pending
90910,Grace Nair,grace.nair@example.com,Vancouver,2025-08-11,1,437.91,cancelled
90911,Tomás Torres,tomás.torres@example.com,Halifax,2025-03-28,1,432.08,shipped
90912,Ivan Torres,ivan.torres@example.com,Calgary,2025-03-02,1,90.97,cancelled
90913,Nadia Weber,nadia.weber@example.com,Halifax,2025-06-06,5,84.99,pending
90914,Priya Petrov,priya.petrov@example.com,Montreal,2025-07-19,6,185.50,shipped
90915,Ana Haddad,ana.haddad@example.com,Toronto,2025-01-16,4,131.68,pending
90916,Sofía Silva,sofía.silva@example.com,Montreal,2025-10-28,3,260.31,cancelled
90917,Sofía Weber,sofía.weber@example.com,Vancouver,2025-08-04,3,46.94,cancelled
90918,Tomás Nair,tomás.nair@example.com,Vancouver,2025-07-22,6,386.05,pending
90919,Nadia Almeida,nadia.almeida@example.com,Montreal,2025-06-24,3,232.53,shipped
90920,Ivan Petrov,ivan.petrov@example.com,Vancouver,2025-12-09,3,129.67,shipped
90921,Hugo Chen,hugo.chen@example.com,Calgary,2025-07-18,2,52.92,cancelled
90922,Mei Kim,mei.kim@example.com,Vancouver,2025-07-17,6,82.70,shipped
90923,Nadia Nair,Nadia.Nair@example,montreal,27/11/2025,1,34.43,"shipped "
90924,Priya Torres,priya.torres@example.com,Halifax,2025-07-17,5,175.08,shipped
90925,Ivan Torres,ivan.torres@example.com,Montreal,2025-03-26,6,291.74,cancelled
90926,Nadia Weber,nadia.weber@example.com,Calgary,2025-05-25,6,24.96,shipped
90927,Priya Chen,priya.chen@example.com,Montreal,2025-06-13,5,310.70,cancelled
90928,Omar Ruiz,omar.ruiz@example.com,Ottawa,2025-03-25,4,350.55,shipped
90929,Sofía Fernández,sofía.fernández@example.com,Calgary,2025-03-04,3,450.43,pending
90930,Sofía Weber,sofía.weber@example.com,montreal,20/04/2025,6,485.39,shipped
90931,GRACE KIM,Grace.Kim@example,calgary,19/01/2025,2,CAD 166.46,"shipped "
90932,Tomás Silva,tomás.silva@example.com,toronto,10/03/2025,4,190.69,shipped
90933,Tomás Silva,tomás.silva@example.com,Vancouver,2025-05-05,4,366.36,cancelled
90934,Priya Ruiz,priya.ruiz@example.com,Toronto,2025-04-08,5,124.72,cancelled
90935,Grace Almeida,grace.almeida@example.com,Ottawa,2025-08-16,1,215.06,pending
90936,Carlos Okafor,carlos.okafor@example.com,Calgary,2025-01-06,6,485.09,cancelled
90937,Grace Fernández,grace.fernández@example.com,Vancouver,2025-11-05,6,228.68,shipped
90938,Omar Petrov,omar.petrov@example.com,Ottawa,2025-06-02,6,308.85,shipped
90939,Mei Kim,mei.kim@example.com,Calgary,2025-04-04,2,122.57,cancelled
90940,Sofía Okafor,sofía.okafor@example.com,Ottawa,2025-08-16,3,95.59,shipped
90941,Priya Ruiz,priya.ruiz@example.com,Calgary,2025-03-26,6,301.07,shipped
90942,Ivan Petrov,ivan.petrov@example.com,Ottawa,2025-11-02,2,471.87,cancelled
90943,Ivan Haddad,ivan.haddad@example.com,Calgary,2025-07-27,4,476.82,shipped
90944,Lucía Ruiz,lucía.ruiz@example.com,Halifax,2025-07-02,6,95.61,pending
90945,Hugo Torres,hugo.torres@example.com,Ottawa,2025-07-13,3,269.89,cancelled
90946,Carlos Nair,carlos.nair@example.com,Montreal,2025-04-02,2,38.27,pending
90947,Omar Almeida,omar.almeida@example.com,Montreal,2025-02-26,4,221.48,cancelled
90948,Ana Torres,ana.torres@example.com,Halifax,2025-12-24,6,409.55,cancelled
90949,Ana Okafor,ana.okafor@example.com,Montreal,2025-06-03,1,281.32,pending
90950,ANA CHEN,Ana.Chen@example,calgary,05/07/2025,N/A,CAD 243.70,Shipped
90951,Omar Almeida,omar.almeida@example.com,Vancouver,2025-08-15,1,437.96,pending
90952,Carlos Weber,carlos.weber@example.com,Montreal,2025-06-12,5,331.44,pending
90953,Ana Nair,ana.nair@example.com,Ottawa,2025-09-26,4,293.97,shipped
90954,Hugo Nair,hugo.nair@example.com,Toronto,2025-07-18,3,388.55,cancelled
90955,Priya Weber,priya.weber@example.com,Montreal,2025-10-14,5,178.63,cancelled
90956,Mei Weber,mei.weber@example.com,Ottawa,2025-06-22,2,22.02,shipped
90957,ANA CHEN,,calgary,01/11/2025,N/A,CAD 303.05,ACTIVE
90958,Tomás Kim,tomás.kim@example.com,Vancouver,2025-08-14,1,98.48,pending
90959,Nadia Fernández,nadia.fernández@example.com,Calgary,2025-09-04,3,231.74,pending
90960,Sofía Okafor,sofía.okafor@example.com,Toronto,2025-07-14,2,421.28,shipped
90961,Ana Kim,ana.kim@example.com,Vancouver,2025-09-27,6,167.40,cancelled
90962,Hugo Torres,hugo.torres@example.com,Vancouver,2025-07-03,6,56.66,pending
90963,Ivan Almeida,ivan.almeida@example.com,Calgary,2025-08-24,5,29.04,pending
90964,Mei Petrov,mei.petrov@example.com,Vancouver,2025-04-13,2,485.36,cancelled
90965,Grace Almeida,grace.almeida@example.com,Ottawa,2025-07-03,4,280.82,pending
90966,Tomás Haddad,tomás.haddad@example.com,Halifax,2025-06-27,1,243.56,shipped
90967,Carlos Kim,carlos.kim@example.com,Ottawa,2025-05-25,4,314.61,cancelled
90968,Carlos Silva,carlos.silva@example.com,Montreal,2025-11-06,3,111.11,shipped
90969,Ana Haddad,ana.haddad@example.com,Halifax,2025-11-14,6,186.59,pending
90970,Grace Kim,grace.kim@example.com,Toronto,2025-08-18,6,416.98,shipped
90971,Priya Petrov,priya.petrov@example.com,Calgary,2025-12-20,6,415.84,shipped
90972,Ana Petrov,ana.petrov@example.com,Halifax,2025-01-25,3,486.43,pending
90973,Lucía Weber,lucía.weber@example.com,Halifax,2025-03-10,6,467.89,shipped
90974,Tomás Weber,tomás.weber@example.com,Toronto,2025-03-13,5,421.28,cancelled
90975,Omar Fernández,omar.fernández@example.com,Halifax,2025-08-17,3,173.68,cancelled
90976,Carlos Kim,carlos.kim@example.com,Halifax,2025-08-27,5,467.28,pending
90977,Mei Kim,mei.kim@example.com,Ottawa,2025-03-04,2,215.96,pending
90978,SOFÍA WEBER,,montreal,10/04/2025,N/A,CAD 315.20,Shipped
90979,Priya Fernández,priya.fernández@example.com,Ottawa,2025-03-27,6,437.70,cancelled
90980,Grace Almeida,grace.almeida@example.com,Calgary,2025-05-09,1,470.68,cancelled
90981,Tomás Fernández,tomás.fernández@example.com,Halifax,2025-01-22,4,231.28,shipped
90982,PRIYA OKAFOR,,montreal,25/01/2025,N/A,CAD 393.80,Shipped
90983,Ana Kim,ana.kim@example.com,Halifax,2025-02-23,1,144.22,cancelled
90984,Carlos Silva,carlos.silva@example.com,Vancouver,2025-07-06,1,373.94,shipped
90985,Sofía Chen,sofía.chen@example.com,Ottawa,2025-08-02,5,270.57,cancelled
90986,Nadia Haddad,nadia.haddad@example.com,Toronto,2025-03-17,6,460.26,shipped
90987,Carlos Ruiz,carlos.ruiz@example.com,Montreal,2025-09-15,3,385.31,pending
90988,Omar Weber,omar.weber@example.com,Calgary,2025-08-04,1,363.65,pending
90989,Omar Silva,omar.silva@example.com,Vancouver,2025-03-23,2,99.38,pending
90990,Ana Chen,ana.chen@example.com,Halifax,2025-09-19,1,435.54,pending
90991,Ivan Weber,ivan.weber@example.com,Toronto,2025-03-05,5,129.35,cancelled
90992,Ivan Almeida,ivan.almeida@example.com,Toronto,2025-09-27,2,227.44,shipped
90993,Mei Okafor,mei.okafor@example.com,Ottawa,2025-02-27,1,62.19,cancelled
90994,Omar Kim,omar.kim@example.com,Montreal,2025-11-24,5,453.94,pending
90995,Lucía Fernández,lucía.fernández@example.com,Calgary,11/11/2025,2,252.71,shipped
90996,Sofía Torres,sofía.torres@example.com,Halifax,2025-01-09,4,169.28,shipped
90997,Carlos Petrov,carlos.petrov@example.com,Ottawa,2025-04-01,1,314.56,shipped
90998,Hugo Silva,hugo.silva@example.com,Toronto,23/12/2025,4,478.54,shipped
90999,Carlos Weber,carlos.weber@example.com,Montreal,2025-08-19,2,87.28,shipped
91000,Tomás Okafor,tomás.okafor@example.com,Calgary,2025-06-01,4,311.51,shipped
91001,Carlos Chen,carlos.chen@example.com,Montreal,2025-04-25,5,470.43,shipped
91002,Grace Ruiz,grace.ruiz@example.com,Ottawa,2025-08-07,4,276.57,pending
91003,Ivan Nair,ivan.nair@example.com,Montreal,2025-07-27,4,235.52,pending
91004,Nadia Chen,nadia.chen@example.com,Montreal,2025-05-14,6,51.04,shipped
91005,Hugo Haddad,hugo.haddad@example.com,Montreal,2025-10-22,4,126.11,pending
91006,Grace Okafor,grace.okafor@example.com,Calgary,2025-06-25,4,150.03,cancelled
91007,Ivan Nair,ivan.nair@example.com,Halifax,2025-01-21,6,470.00,pending
91008,Ivan Chen,ivan.chen@example.com,Halifax,2025-03-14,6,128.51,pending
91009,Mei Fernández,mei.fernández@example.com,Halifax,2025-11-20,5,229.11,pending
91010,Ana Okafor,ana.okafor@example.com,Halifax,2025-06-19,3,435.93,cancelled
91011,Mei Silva,mei.silva@example.com,Vancouver,12/04/2025,5,336.12,pending
91012,Omar Torres,omar.torres@example.com,Calgary,2025-11-14,5,59.91,cancelled
91013,Mei Fernández,mei.fernández@example.com,Ottawa,2025-07-28,3,379.57,pending
91014,Priya Okafor,priya.okafor@example.com,Montreal,2025-12-02,6,378.05,shipped
91015,Sofía Fernández,sofía.fernández@example.com,Calgary,2025-06-04,2,426.58,cancelled
91016,Sofía Weber,sofía.weber@example.com,Vancouver,2025-09-08,5,50.53,pending
91017,Lucía Fernández,lucía.fernández@example.com,Vancouver,2025-07-21,3,68.19,pending
91018,Lucía Nair,lucía.nair@example.com,Montreal,2025-07-16,1,275.88,cancelled
91019,OMAR NAIR,Omar.Nair@example,halifax,23/10/2025,N/A,CAD 406.58,Shipped
91020,Sofía Ruiz,sofía.ruiz@example.com,Montreal,2025-06-08,1,330.81,shipped
91021,Ivan Nair,ivan.nair@example.com,Montreal,2025-06-15,5,82.67,cancelled
91022,Mei Weber,mei.weber@example.com,Ottawa,2025-01-10,4,278.09,pending
91023,Carlos Nair,carlos.nair@example.com,Toronto,2025-06-20,3,415.75,pending
91024,Carlos Okafor,carlos.okafor@example.com,Ottawa,2025-03-15,6,471.95,cancelled
91025,Mei Torres,mei.torres@example.com,Ottawa,2025-08-01,2,44.91,pending
91026,Omar Almeida,omar.almeida@example.com,Calgary,2025-12-13,2,373.41,pending
91027,Hugo Fernández,hugo.fernández@example.com,Ottawa,2025-11-01,5,81.94,shipped
91028,Ana Torres,ana.torres@example.com,Montreal,2025-01-09,3,138.06,pending
91029,Grace Kim,Grace.Kim@example,ottawa,20/02/2025,6,73236,ACTIVE
91030,Ana Weber,ana.weber@example.com,Vancouver,2025-06-10,6,14.25,pending
91031,Carlos Silva,carlos.silva@example.com,Ottawa,2025-11-25,4,341.63,shipped
91032,Lucía Petrov,lucía.petrov@example.com,Ottawa,2025-05-24,5,267.27,pending
91033,Ivan Haddad,ivan.haddad@example.com,Halifax,2025-08-19,3,147.12,pending
91034,Grace Weber,grace.weber@example.com,Montreal,2025-05-15,6,164.99,pending
91035,Priya Fernández,priya.fernández@example.com,Ottawa,2025-03-27,5,420.70,pending
91036,Carlos Torres,carlos.torres@example.com,Halifax,2025-04-09,6,134.52,shipped
91037,Mei Fernández,mei.fernández@example.com,Vancouver,2025-12-16,6,396.28,pending
91038,Ivan Ruiz,ivan.ruiz@example.com,Halifax,2025-07-12,3,46.06,cancelled
91039,Nadia Torres,nadia.torres@example.com,Calgary,2025-05-14,6,31.23,shipped
91040,Lucía Torres,lucía.torres@example.com,Halifax,2025-12-15,1,343.53,cancelled
91041,Lucía Torres,lucía.torres@example.com,Vancouver,2025-07-01,6,343.51,shipped
91042,Priya Almeida,priya.almeida@example.com,Toronto,2025-02-12,4,397.63,pending
91043,Hugo Chen,hugo.chen@example.com,Toronto,2025-07-19,6,288.22,pending
91044,Ivan Haddad,ivan.haddad@example.com,Ottawa,2025-10-24,5,270.75,shipped
91045,Priya Almeida,priya.almeida@example.com,Toronto,2025-10-06,5,421.23,cancelled
91046,Ana Chen,ana.chen@example.com,Toronto,2025-07-20,1,383.79,shipped
91047,Hugo Ruiz,hugo.ruiz@example.com,Montreal,2025-08-16,1,357.63,shipped
91048,Ivan Petrov,ivan.petrov@example.com,Calgary,2025-06-16,6,328.30,shipped
91049,Mei Chen,mei.chen@example.com,Montreal,2025-12-22,4,318.41,shipped
91050,Mei Almeida,mei.almeida@example.com,Calgary,2025-06-24,4,100.84,pending
91051,Mei Chen,mei.chen@example.com,Toronto,2025-02-13,1,325.12,pending
91052,Tomás Petrov,tomás.petrov@example.com,Vancouver,2025-05-04,2,313.70,pending
91053,Carlos Chen,carlos.chen@example.com,Vancouver,2025-03-06,4,436.13,shipped
91054,Grace Weber,grace.weber@example.com,Toronto,19/09/2025,1,167.36,pending
91055,Carlos Weber,carlos.weber@example.com,Calgary,2025-03-20,5,19.64,shipped
91056,Nadia Fernández,nadia.fernández@example.com,Halifax,2025-05-16,3,412.47,pending
91057,LUCÍA WEBER,Lucía.Weber@example,calgary,22/07/2025,N/A,CAD 365.90,"shipped "
91058,Nadia Ruiz,nadia.ruiz@example.com,Vancouver,2025-04-04,6,331.50,cancelled
91059,Priya Ruiz,priya.ruiz@example.com,Calgary,2025-07-06,1,270.59,shipped
91060,Priya Okafor,priya.okafor@example.com,Montreal,2025-11-14,5,381.56,shipped
91061,Ivan Chen,ivan.chen@example.com,Montreal,2025-05-20,4,475.51,pending
91062,Tomás Chen,tomás.chen@example.com,Toronto,2025-06-10,3,252.19,cancelled
91063,Mei Petrov,mei.petrov@example.com,Vancouver,2025-03-11,6,176.37,cancelled
91064,Omar Nair,omar.nair@example.com,Toronto,2025-10-22,5,430.01,cancelled
91065,Grace Kim,grace.kim@example.com,Toronto,2025-03-07,5,28.46,shipped
91066,Omar Nair,omar.nair@example.com,Halifax,2025-09-01,2,345.53,cancelled
91067,Grace Petrov,grace.petrov@example.com,Calgary,2025-05-17,2,224.48,shipped
91068,Ana Okafor,ana.okafor@example.com,Calgary,2025-07-21,1,231.95,pending
91069,Mei Petrov,mei.petrov@example.com,Ottawa,2025-12-12,3,48.18,cancelled
91070,Nadia Torres,nadia.torres@example.com,Vancouver,2025-02-09,4,73.72,shipped
91071,Priya Fernández,priya.fernández@example.com,Montreal,2025-03-03,1,120.38,pending
91072,Grace Okafor,grace.okafor@example.com,Halifax,2025-02-17,3,380.23,pending
91073,Lucía Petrov,lucía.petrov@example.com,Calgary,2025-06-21,5,133.92,shipped
91074,Priya Chen,priya.chen@example.com,Halifax,08/05/2025,6,49.25,cancelled
91075,Sofía Torres,sofía.torres@example.com,Montreal,2025-03-19,1,71.19,cancelled
91076,Ana Kim,ana.kim@example.com,Halifax,2025-03-23,4,329.10,cancelled
91077,Carlos Fernández,carlos.fernández@example.com,Montreal,2025-04-12,2,201.64,cancelled
91078,Lucía Fernández,lucía.fernández@example.com,Vancouver,2025-07-01,4,447.19,cancelled
91079,Nadia Weber,nadia.weber@example.com,Vancouver,2025-04-19,2,29.07,pending
91080,Priya Nair,priya.nair@example.com,Calgary,2025-09-04,3,225.11,shipped
91081,Ivan Almeida,ivan.almeida@example.com,Toronto,2025-10-23,4,33.83,shipped
91082,Ivan Okafor,ivan.okafor@example.com,Vancouver,2025-08-04,1,170.18,shipped
91083,Nadia Haddad,nadia.haddad@example.com,Ottawa,2025-11-24,6,133.75,cancelled
91084,Grace Torres,grace.torres@example.com,Calgary,2025-02-07,6,56.78,cancelled
91085,Tomás Chen,tomás.chen@example.com,Ottawa,2025-08-21,6,361.73,shipped
91086,Tomás Silva,tomás.silva@example.com,Montreal,2025-03-17,6,355.97,pending
91087,Ivan Torres,ivan.torres@example.com,Montreal,2025-01-10,5,464.64,shipped
91088,Nadia Chen,nadia.chen@example.com,Halifax,2025-08-18,5,415.85,shipped
91089,Mei Torres,mei.torres@example.com,Calgary,2025-09-26,2,395.50,shipped
91090,Mei Torres,mei.torres@example.com,Toronto,2025-09-27,5,374.67,pending
91091,Ivan Torres,ivan.torres@example.com,Toronto,2025-11-11,3,473.67,cancelled
91092,HUGO TORRES,,toronto,05/06/2025,N/A,CAD 387.53,"shipped "
91093,Grace Torres,grace.torres@example.com,Vancouver,2025-04-14,2,203.82,shipped
91094,Ivan Torres,ivan.torres@example.com,Toronto,2025-07-27,1,218.05,shipped
91095,Ivan Chen,ivan.chen@example.com,Montreal,2025-04-27,6,487.05,cancelled
91096,Ana Haddad,ana.haddad@example.com,Halifax,2025-10-24,2,122.94,shipped
91097,Nadia Chen,nadia.chen@example.com,Montreal,2025-12-25,1,196.22,cancelled
91098,Ivan Silva,ivan.silva@example.com,Calgary,2025-02-13,4,156.22,shipped
91099,Mei Ruiz,mei.ruiz@example.com,Montreal,2025-09-23,1,105.83,shipped
91100,GRACE HADDAD,,montreal,16/10/2025,N/A,CAD 114.30,"shipped "
91101,Mei Fernández,mei.fernández@example.com,Toronto,2025-06-02,6,219.84,shipped
91102,Hugo Ruiz,hugo.ruiz@example.com,Montreal,2025-05-14,5,344.73,cancelled
91103,Carlos Ruiz,carlos.ruiz@example.com,Ottawa,2025-06-11,1,194.03,shipped
91104,Grace Silva,grace.silva@example.com,Vancouver,2025-06-22,3,487.56,pending
91105,Hugo Fernández,hugo.fernández@example.com,Halifax,2025-10-15,3,214.85,pending
91106,Tomás Petrov,tomás.petrov@example.com,Montreal,2025-12-02,2,486.85,shipped
91107,GRACE TORRES,Grace.Torres@example,montreal,22/07/2025,4,CAD 255.15,"shipped "
91108,Ivan Weber,ivan.weber@example.com,Vancouver,2025-01-28,4,410.82,pending
91109,Carlos Weber,carlos.weber@example.com,Halifax,2025-03-23,4,203.65,shipped
91110,Ana Almeida,ana.almeida@example.com,Toronto,2025-09-03,3,483.50,cancelled
91111,Carlos Weber,carlos.weber@example.com,Ottawa,2025-10-10,4,474.43,pending
91112,Tomás Kim,tomás.kim@example.com,Calgary,2025-09-08,6,398.72,shipped
91113,Sofía Torres,sofía.torres@example.com,Calgary,2025-05-12,2,30.90,pending
91114,Nadia Kim,nadia.kim@example.com,Calgary,2025-12-10,6,462.58,pending
91115,Carlos Haddad,carlos.haddad@example.com,Montreal,2025-03-13,1,157.81,cancelled
91116,Sofía Ruiz,sofía.ruiz@example.com,Ottawa,2025-11-04,6,367.94,pending
91117,Ivan Torres,ivan.torres@example.com,Halifax,2025-08-19,5,68.72,pending
91118,Omar Almeida,omar.almeida@example.com,Vancouver,2025-06-06,6,256.76,pending
91119,Carlos Petrov,carlos.petrov@example.com,Halifax,2025-08-17,5,183.51,shipped
91120,Grace Haddad,grace.haddad@example.com,Halifax,2025-06-20,3,332.75,shipped
91121,Nadia Weber,nadia.weber@example.com,Calgary,16/11/2025,2,438.85,shipped
91122,Ana Fernández,ana.fernández@example.com,Halifax,2025-05-13,3,128.88,cancelled
91123,Lucía Chen,lucía.chen@example.com,Toronto,2025-03-15,6,345.80,cancelled
91124,Omar Chen,omar.chen@example.com,Vancouver,2025-05-22,6,290.15,cancelled
91125,Mei Chen,mei.chen@example.com,Montreal,2025-06-14,4,210.67,cancelled
91126,Lucía Ruiz,lucía.ruiz@example.com,Vancouver,2025-03-19,6,183.22,shipped
91127,Omar Haddad,omar.haddad@example.com,Vancouver,2025-12-25,1,52.20,shipped
91128,Ana Nair,ana.nair@example.com,Montreal,2025-05-27,1,74.67,cancelled
91129,Carlos Petrov,carlos.petrov@example.com,Calgary,2025-12-06,4,95.52,shipped
91130,Ana Haddad,ana.haddad@example.com,Ottawa,2025-11-07,2,343.01,cancelled
91131,Hugo Petrov,hugo.petrov@example.com,Calgary,2025-07-09,2,394.89,pending
91132,Grace Petrov,grace.petrov@example.com,Ottawa,2025-11-07,4,27.24,pending
91133,Carlos Haddad,carlos.haddad@example.com,Vancouver,2025-04-12,3,175.48,shipped
91134,Mei Ruiz,mei.ruiz@example.com,Ottawa,2025-10-20,1,85.43,cancelled
91135,Grace Haddad,grace.haddad@example.com,Toronto,2025-02-18,6,477.95,shipped
91136,Nadia Torres,nadia.torres@example.com,Vancouver,2025-04-14,2,145.31,shipped
91137,Ana Almeida,ana.almeida@example.com,Halifax,2025-07-05,4,154.60,pending
91138,Ana Okafor,ana.okafor@example.com,Ottawa,2025-01-19,3,126.25,pending
91139,Priya Nair,priya.nair@example.com,Toronto,2025-05-20,3,86.43,cancelled
91140,Grace Almeida,grace.almeida@example.com,Halifax,2025-07-25,6,382.84,pending
91141,Grace Torres,grace.torres@example.com,Halifax,2025-12-24,4,86.35,shipped
91142,Tomás Ruiz,tomás.ruiz@example.com,Toronto,2025-09-12,1,316.18,shipped
91143,Nadia Haddad,nadia.haddad@example.com,Toronto,2025-01-25,2,365.38,shipped
91144,Tomás Kim,tomás.kim@example.com,Vancouver,2025-07-02,6,51.92,pending
91145,Hugo Haddad,hugo.haddad@example.com,Vancouver,2025-03-14,4,424.20,cancelled
91146,Carlos Okafor,carlos.okafor@example.com,Ottawa,2025-08-27,1,199.53,shipped
91147,Priya Kim,priya.kim@example.com,Toronto,2025-12-07,4,121.00,pending
91148,Mei Ruiz,mei.ruiz@example.com,Vancouver,2025-11-07,4,44.69,shipped
91149,Grace Almeida,grace.almeida@example.com,Ottawa,2025-06-04,2,74.79,cancelled
91150,Hugo Torres,hugo.torres@example.com,Halifax,2025-05-17,6,374.20,cancelled
91151,Priya Fernández,priya.fernández@example.com,Ottawa,2025-12-28,2,84.60,pending
91152,Omar Chen,omar.chen@example.com,Ottawa,2025-04-07,2,302.86,cancelled
91153,Ana Okafor,ana.okafor@example.com,Vancouver,2025-10-09,5,200.02,pending
91154,Carlos Petrov,carlos.petrov@example.com,Calgary,2025-06-23,1,335.95,cancelled
91155,Grace Petrov,grace.petrov@example.com,Montreal,2025-02-12,6,364.61,shipped
91156,Priya Haddad,priya.haddad@example.com,Vancouver,2025-09-16,2,34.78,shipped
91157,Hugo Weber,hugo.weber@example.com,Toronto,2025-03-13,3,264.61,cancelled
91158,Grace Chen,grace.chen@example.com,Calgary,2025-02-07,5,118.85,pending
91159,Grace Weber,grace.weber@example.com,Ottawa,2025-01-13,5,194.31,pending
91160,Ana Ruiz,ana.ruiz@example.com,Calgary,2025-02-28,4,18.50,pending
91161,Ivan Fernández,ivan.fernández@example.com,Toronto,2025-05-20,6,41.02,cancelled
91162,Carlos Petrov,carlos.petrov@example.com,Vancouver,2025-06-23,4,219.50,pending
91163,Mei Ruiz,mei.ruiz@example.com,Halifax,2025-08-01,5,248.10,cancelled
91164,Ana Fernández,ana.fernández@example.com,Ottawa,2025-05-23,6,66.27,cancelled
91165,Carlos Almeida,carlos.almeida@example.com,Halifax,2025-12-18,2,64.30,shipped
91166,Mei Silva,mei.silva@example.com,Halifax,2025-04-04,1,477.49,pending
91167,Mei Kim,mei.kim@example.com,Montreal,2025-01-14,6,323.38,cancelled
91168,Mei Chen,Mei.Chen@example,vancouver,21/08/2025,5,484.64,"shipped "
91169,Hugo Nair,hugo.nair@example.com,Ottawa,2025-10-28,1,101.61,cancelled
91170,Carlos Fernández,carlos.fernández@example.com,Vancouver,2025-11-23,3,34.13,cancelled
91171,ANA NAIR,Ana.Nair@example,vancouver,09/03/2025,5,CAD 366.65,Shipped
91172,Carlos Haddad,carlos.haddad@example.com,Toronto,2025-09-04,5,187.82,pending
91173,Sofía Petrov,sofía.petrov@example.com,Vancouver,2025-02-10,2,176.13,shipped
91174,Nadia Ruiz,nadia.ruiz@example.com,Toronto,2025-09-06,2,131.52,shipped
91175,Ivan Silva,ivan.silva@example.com,Montreal,2025-11-06,6,190.07,shipped
91176,Hugo Chen,hugo.chen@example.com,Halifax,2025-06-12,4,283.41,pending
91177,Lucía Petrov,lucía.petrov@example.com,Ottawa,2025-06-22,5,395.95,shipped
91178,Priya Okafor,priya.okafor@example.com,Calgary,2025-03-15,2,385.02,shipped
91179,Ana Okafor,ana.okafor@example.com,Ottawa,2025-12-01,3,199.19,pending
91180,Grace Haddad,grace.haddad@example.com,Ottawa,2025-03-12,6,53.38,shipped
91181,Mei Haddad,mei.haddad@example.com,Montreal,2025-03-25,1,368.96,cancelled
91182,Grace Silva,grace.silva@example.com,Toronto,2025-02-03,5,146.15,shipped
91183,Carlos Weber,carlos.weber@example.com,Vancouver,19/12/2025,4,34.45,pending
91184,Omar Okafor,omar.okafor@example.com,Toronto,2025-10-21,2,357.12,shipped
91185,Omar Torres,omar.torres@example.com,Ottawa,2025-04-05,1,291.76,cancelled
91186,Sofía Nair,sofía.nair@example.com,Halifax,2025-02-26,5,157.89,pending
91187,Priya Fernández,priya.fernández@example.com,Ottawa,2025-10-20,3,21.50,shipped
91188,Sofía Silva,sofía.silva@example.com,Halifax,2025-08-08,5,215.08,cancelled
91189,Priya Kim,priya.kim@example.com,Montreal,2025-07-09,3,231.47,cancelled
91190,Mei Petrov,mei.petrov@example.com,Toronto,2025-09-01,3,65.80,cancelled
91191,Nadia Chen,nadia.chen@example.com,Calgary,2025-04-05,6,370.33,cancelled
91192,Grace Nair,grace.nair@example.com,Montreal,2025-11-19,2,264.94,cancelled
91193,Omar Nair,omar.nair@example.com,Calgary,2025-04-03,4,42.32,cancelled
91194,Hugo Kim,hugo.kim@example.com,Toronto,2025-11-21,2,264.44,shipped
91195,Ivan Silva,ivan.silva@example.com,Toronto,2025-08-27,3,217.25,pending
91196,Ivan Fernández,ivan.fernández@example.com,Calgary,2025-11-23,5,409.61,cancelled
91197,Lucía Almeida,lucía.almeida@example.com,Vancouver,2025-02-04,5,306.92,cancelled
91198,Carlos Kim,carlos.kim@example.com,Halifax,2025-03-03,3,14.95,pending
91199,Ivan Chen,ivan.chen@example.com,Calgary,05/06/2025,2,217.55,cancelled
90003,Priya Chen,priya.chen@example.com,Ottawa,2025-08-05,3,271.57,pending
90057,Grace Weber,grace.weber@example.com,Montreal,2025-09-21,1,168.09,shipped
91202,Priya Torres,priya.torres@example.com,Vancouver,2025-05-11,4,214.63,shipped
91203,TOMÁS FERNÁNDEZ,,halifax,03/10/2025,N/A,CAD 479.87,"shipped "
